{
  "id": "6281413b-812d-434b-82e2-f5bacbc6cfac",
  "name": "pre_escalation_bpn_hr",
  "type": "DETERMINISTIC",
  "description": "",
  "parentPathId": "77b7de22-7166-4503-b571-5c23e2af3299",
  "revisionId": "64701d00-4840-47c6-a078-c884aa53d73a",
  "revisionXml": "<?xml version=\"1.0\" encoding=\"UTF-8\"?>\r\n<bpmn2:definitions xmlns:xsi=\"http://www.w3.org/2001/XMLSchema-instance\" xmlns:bpmn2=\"http://www.omg.org/spec/BPMN/20100524/MODEL\" xmlns:bpmndi=\"http://www.omg.org/spec/BPMN/20100524/DI\" xmlns:dc=\"http://www.omg.org/spec/DD/20100524/DC\" xmlns:di=\"http://www.omg.org/spec/DD/20100524/DI\" xmlns:prop=\"http://www.ipsoft.com/schema/bpmn/prop\" id=\"sample-diagram\" targetNamespace=\"http://bpmn.io/schema/bpmn\" xsi:schemaLocation=\"http://www.omg.org/spec/BPMN/20100524/MODEL BPMN20.xsd\">\n  <bpmn2:process id=\"Process_1\" name=\"pre_escalation_bpn_hr\" isExecutable=\"false\">\n    <bpmn2:extensionElements>\n      <prop:property name=\"default_escalation_queue\" value=\"\"/>\n    </bpmn2:extensionElements>\n    <bpmn2:startEvent id=\"StartEvent_1\">\n      <bpmn2:outgoing>SequenceFlow_17uuw36</bpmn2:outgoing>\n    </bpmn2:startEvent>\n    <bpmn2:sequenceFlow id=\"SequenceFlow_17uuw36\" sourceRef=\"StartEvent_1\" targetRef=\"Task_1pgddwe\"/>\n    <bpmn2:endEvent id=\"EndEvent_0c10nse\">\n      <bpmn2:incoming>SequenceFlow_1m8u8u0</bpmn2:incoming>\n    </bpmn2:endEvent>\n    <bpmn2:sequenceFlow id=\"SequenceFlow_1m8u8u0\" sourceRef=\"Task_1pgddwe\" targetRef=\"EndEvent_0c10nse\"/>\n    <bpmn2:userTask id=\"Task_1pgddwe\" name=\"escalate\">\n      <bpmn2:incoming>SequenceFlow_17uuw36</bpmn2:incoming>\n      <bpmn2:outgoing>SequenceFlow_1m8u8u0</bpmn2:outgoing>\n    </bpmn2:userTask>\n  </bpmn2:process>\n  <bpmndi:BPMNDiagram id=\"BPMNDiagram_1\">\n    <bpmndi:BPMNPlane id=\"BPMNPlane_1\" bpmnElement=\"Process_1\">\n      <bpmndi:BPMNShape id=\"_BPMNShape_StartEvent_2\" bpmnElement=\"StartEvent_1\">\n        <dc:Bounds x=\"180\" y=\"170\" width=\"36\" height=\"36\"/>\n      </bpmndi:BPMNShape>\n      <bpmndi:BPMNEdge id=\"SequenceFlow_17uuw36_di\" bpmnElement=\"SequenceFlow_17uuw36\">\n        <di:waypoint x=\"216\" y=\"188\"/>\n        <di:waypoint x=\"385\" y=\"188\"/>\n        <bpmndi:BPMNLabel>\n          <dc:Bounds x=\"255.5\" y=\"167\" width=\"90\" height=\"12\"/>\n        </bpmndi:BPMNLabel>\n      </bpmndi:BPMNEdge>\n      <bpmndi:BPMNShape id=\"EndEvent_0c10nse_di\" bpmnElement=\"EndEvent_0c10nse\">\n        <dc:Bounds x=\"697\" y=\"170\" width=\"36\" height=\"36\"/>\n        <bpmndi:BPMNLabel>\n          <dc:Bounds x=\"670\" y=\"210\" width=\"90\" height=\"12\"/>\n        </bpmndi:BPMNLabel>\n      </bpmndi:BPMNShape>\n      <bpmndi:BPMNEdge id=\"SequenceFlow_1m8u8u0_di\" bpmnElement=\"SequenceFlow_1m8u8u0\">\n        <di:waypoint x=\"505\" y=\"188\"/>\n        <di:waypoint x=\"697\" y=\"188\"/>\n        <bpmndi:BPMNLabel>\n          <dc:Bounds x=\"601\" y=\"166.5\" width=\"0\" height=\"13\"/>\n        </bpmndi:BPMNLabel>\n      </bpmndi:BPMNEdge>\n      <bpmndi:BPMNShape id=\"UserTask_1b76c94_di\" bpmnElement=\"Task_1pgddwe\">\n        <dc:Bounds x=\"385\" y=\"148\" width=\"120\" height=\"80\"/>\n      </bpmndi:BPMNShape>\n    </bpmndi:BPMNPlane>\n  </bpmndi:BPMNDiagram>\n</bpmn2:definitions>",
  "domainId": "a1648d8e-ea35-4702-ab73-23f0226497cb",
  "status": "DEPLOYED"
}