{
  "entities": [
    {
      "code": "airwatch_pin",
      "name": "airwatch_pin",
      "datumType": "CUSTOM_DATUM",
      "spanless": false,
      "overlaps": true,
      "questions": [],
      "annotations": [],
      "normalizer": {
        "normalizerType": "EXTRACT_AND_NORMALIZE",
        "lookupType": "GRAMMAR",
        "fallbackType": "NONE"
      },
      "fields": []
    },
    {
      "code": "airwatchenrollment",
      "name": "airwatchenrollment",
      "datumType": "CUSTOM_DATUM",
      "spanless": false,
      "overlaps": true,
      "questions": [],
      "annotations": [],
      "fields": []
    },
    {
      "code": "airwatchsync",
      "name": "airwatchsync",
      "datumType": "CUSTOM_DATUM",
      "spanless": false,
      "overlaps": true,
      "questions": [],
      "annotations": [],
      "fields": []
    },
    {
      "code": "airwatchsyncc",
      "name": "airwatchsyncc",
      "datumType": "CUSTOM_DATUM",
      "spanless": false,
      "overlaps": true,
      "questions": [],
      "annotations": [],
      "fields": []
    },
    {
      "code": "AirwatchUnEnroll",
      "name": "AirwatchUnEnroll",
      "datumType": "CUSTOM_DATUM",
      "spanless": false,
      "overlaps": true,
      "questions": [],
      "annotations": [],
      "normalizer": {
        "normalizerType": "EXTRACT_AND_NORMALIZE",
        "lookupType": "GRAMMAR",
        "fallbackType": "NONE",
        "fallback": ""
      },
      "fields": []
    },
    {
      "code": "app_airwatch",
      "name": "app_airwatch",
      "datumType": "CUSTOM_DATUM",
      "spanless": false,
      "overlaps": true,
      "questions": [],
      "annotations": [],
      "normalizer": {
        "normalizerType": "EXTRACT_AND_NORMALIZE",
        "lookupType": "GRAMMAR",
        "fallbackType": "NONE",
        "fallback": ""
      },
      "fields": []
    },
    {
      "code": "app_bitlocker",
      "name": "app_bitlocker",
      "datumType": "CUSTOM_DATUM",
      "spanless": false,
      "overlaps": true,
      "questions": [],
      "annotations": [],
      "normalizer": {
        "normalizerType": "EXTRACT_AND_NORMALIZE",
        "lookupType": "GRAMMAR",
        "fallbackType": "NONE",
        "fallback": ""
      },
      "fields": []
    },
    {
      "code": "app_everything_else",
      "name": "app_everything_else",
      "datumType": "CUSTOM_DATUM",
      "spanless": false,
      "overlaps": true,
      "questions": [],
      "annotations": [],
      "normalizer": {
        "normalizerType": "EXTRACT_AND_NORMALIZE",
        "lookupType": "GRAMMAR",
        "fallbackType": "NONE",
        "fallback": ""
      },
      "fields": []
    },
    {
      "code": "app_outlook",
      "name": "app_outlook",
      "datumType": "CUSTOM_DATUM",
      "spanless": false,
      "overlaps": true,
      "questions": [],
      "annotations": [],
      "normalizer": {
        "normalizerType": "EXTRACT_AND_NORMALIZE",
        "lookupType": "GRAMMAR",
        "fallbackType": "NONE",
        "fallback": ""
      },
      "fields": []
    },
    {
      "code": "app_remedy",
      "name": "app_remedy",
      "datumType": "CUSTOM_DATUM",
      "spanless": false,
      "overlaps": true,
      "questions": [],
      "annotations": [],
      "normalizer": {
        "normalizerType": "EXTRACT_AND_NORMALIZE",
        "lookupType": "GRAMMAR",
        "fallbackType": "NONE",
        "fallback": ""
      },
      "fields": []
    },
    {
      "code": "app_rsa",
      "name": "app_rsa",
      "datumType": "CUSTOM_DATUM",
      "spanless": false,
      "overlaps": true,
      "questions": [],
      "annotations": [],
      "normalizer": {
        "normalizerType": "EXTRACT_AND_NORMALIZE",
        "lookupType": "GRAMMAR",
        "fallbackType": "NONE",
        "fallback": ""
      },
      "fields": []
    },
    {
      "code": "app_skype",
      "name": "app_skype",
      "datumType": "CUSTOM_DATUM",
      "spanless": false,
      "overlaps": true,
      "questions": [],
      "annotations": [],
      "normalizer": {
        "normalizerType": "EXTRACT_AND_NORMALIZE",
        "lookupType": "GRAMMAR",
        "fallbackType": "NONE",
        "fallback": ""
      },
      "fields": []
    },
    {
      "code": "app_windows",
      "name": "app_windows",
      "datumType": "CUSTOM_DATUM",
      "spanless": false,
      "overlaps": true,
      "questions": [],
      "annotations": [],
      "normalizer": {
        "normalizerType": "EXTRACT_AND_NORMALIZE",
        "lookupType": "GRAMMAR",
        "fallbackType": "NONE",
        "fallback": ""
      },
      "fields": []
    },
    {
      "code": "ApplicationSlot",
      "name": "ApplicationSlot",
      "datumType": "CUSTOM_DATUM",
      "spanless": false,
      "overlaps": true,
      "questions": [],
      "annotations": [],
      "normalizer": {
        "normalizerType": "EXTRACT_AND_NORMALIZE",
        "lookupType": "GRAMMAR",
        "fallbackType": "NONE",
        "fallback": ""
      },
      "fields": []
    },
    {
      "code": "applist",
      "name": "applist",
      "datumType": "CUSTOM_DATUM",
      "spanless": false,
      "overlaps": true,
      "questions": [],
      "annotations": [],
      "fields": []
    },
    {
      "code": "AppName",
      "name": "AppName",
      "datumType": "CUSTOM_DATUM",
      "spanless": false,
      "overlaps": true,
      "questions": [],
      "annotations": [],
      "normalizer": {
        "normalizerType": "EXTRACT_AND_NORMALIZE",
        "lookupType": "GRAMMAR",
        "fallbackType": "NONE",
        "fallback": ""
      },
      "fields": []
    },
    {
      "code": "authentication",
      "name": "authentication",
      "datumType": "CUSTOM_DATUM",
      "spanless": false,
      "overlaps": true,
      "questions": [],
      "annotations": [],
      "normalizer": {
        "normalizerType": "EXTRACT_AND_NORMALIZE",
        "lookupType": "GRAMMAR",
        "fallbackType": "NONE",
        "fallback": ""
      },
      "fields": []
    },
    {
      "code": "AuthenticationFailIdentified",
      "name": "AuthenticationFailIdentified",
      "datumType": "CUSTOM_DATUM",
      "spanless": false,
      "overlaps": true,
      "questions": [],
      "annotations": [],
      "normalizer": {
        "normalizerType": "EXTRACT_AND_NORMALIZE",
        "lookupType": "GRAMMAR",
        "fallbackType": "NONE",
        "fallback": ""
      },
      "fields": []
    },
    {
      "code": "bitlocker_answer",
      "name": "bitlocker_answer",
      "datumType": "CUSTOM_DATUM",
      "spanless": false,
      "overlaps": true,
      "questions": [],
      "annotations": [],
      "fields": []
    },
    {
      "code": "bitlocker_loggin_password",
      "name": "bitlocker_loggin_password",
      "datumType": "CUSTOM_DATUM",
      "spanless": false,
      "overlaps": true,
      "questions": [],
      "annotations": [],
      "fields": []
    },
    {
      "code": "bitlocker_password",
      "name": "bitlocker_password",
      "datumType": "CUSTOM_DATUM",
      "spanless": false,
      "overlaps": true,
      "questions": [],
      "annotations": [],
      "fields": []
    },
    {
      "code": "bitlocker_pin",
      "name": "bitlocker_pin",
      "datumType": "CUSTOM_DATUM",
      "spanless": false,
      "overlaps": true,
      "questions": [],
      "annotations": [],
      "fields": []
    },
    {
      "code": "catMgr",
      "name": "catMgr",
      "datumType": "CUSTOM_DATUM",
      "spanless": false,
      "overlaps": true,
      "questions": [],
      "annotations": [],
      "normalizer": {
        "normalizerType": "EXTRACT_AND_NORMALIZE",
        "lookupType": "GRAMMAR",
        "fallbackType": "NONE",
        "fallback": ""
      },
      "fields": []
    },
    {
      "code": "catmgr_flow2",
      "name": "catmgr_flow2",
      "datumType": "CUSTOM_DATUM",
      "spanless": false,
      "overlaps": true,
      "questions": [],
      "annotations": [],
      "normalizer": {
        "normalizerType": "EXTRACT_AND_NORMALIZE",
        "lookupType": "GRAMMAR",
        "fallbackType": "NONE",
        "fallback": ""
      },
      "fields": []
    },
    {
      "code": "common_app_not_trained",
      "name": "common_app_not_trained",
      "datumType": "CUSTOM_DATUM",
      "spanless": false,
      "overlaps": true,
      "questions": [],
      "annotations": [],
      "normalizer": {
        "normalizerType": "EXTRACT_AND_NORMALIZE",
        "lookupType": "GRAMMAR",
        "fallbackType": "NONE",
        "fallback": ""
      },
      "fields": []
    },
    {
      "code": "connection",
      "name": "connection",
      "datumType": "CUSTOM_DATUM",
      "spanless": false,
      "overlaps": true,
      "questions": [],
      "annotations": [],
      "normalizer": {
        "normalizerType": "EXTRACT_AND_NORMALIZE",
        "lookupType": "GRAMMAR",
        "fallbackType": "NONE",
        "fallback": ""
      },
      "fields": []
    },
    {
      "code": "CoreLoadSoftware",
      "name": "CoreLoadSoftware",
      "datumType": "CUSTOM_DATUM",
      "spanless": false,
      "overlaps": true,
      "questions": [],
      "annotations": [],
      "normalizer": {
        "normalizerType": "EXTRACT_AND_NORMALIZE",
        "lookupType": "GRAMMAR",
        "fallbackType": "NONE",
        "fallback": ""
      },
      "fields": []
    },
    {
      "code": "course_topic",
      "name": "course_topic",
      "datumType": "TEXT",
      "spanless": false,
      "overlaps": true,
      "questions": [],
      "annotations": [
        {
          "value": "agile",
          "text": "I want an agile course"
        },
        {
          "value": "agile",
          "text": "register an agile course"
        }
      ],
      "fields": []
    },
    {
      "code": "DateOfIssue",
      "name": "DateOfIssue",
      "datumType": "DATE",
      "spanless": false,
      "overlaps": true,
      "questions": [
        "Please enter the date of your issue?"
      ],
      "annotations": [],
      "fields": []
    },
    {
      "code": "DistributionListEmail",
      "name": "DistributionListEmail",
      "datumType": "CUSTOM_DATUM",
      "spanless": false,
      "overlaps": true,
      "questions": [],
      "annotations": [],
      "normalizer": {
        "normalizerType": "EXTRACT_AND_NORMALIZE",
        "lookupType": "GRAMMAR",
        "fallbackType": "NONE",
        "fallback": ""
      },
      "fields": []
    },
    {
      "code": "email",
      "name": "email",
      "description": "This is a test-slot to show what you can check with slots",
      "datumType": "EMAIL",
      "spanless": false,
      "overlaps": true,
      "questions": [
        "Please give me your email address",
        "Bitte gib mir deine E-Mail-Adresse"
      ],
      "annotations": [],
      "fields": []
    },
    {
      "code": "enrol",
      "name": "enrol",
      "datumType": "CUSTOM_DATUM",
      "spanless": false,
      "overlaps": true,
      "questions": [],
      "annotations": [],
      "normalizer": {
        "normalizerType": "EXTRACT_AND_NORMALIZE",
        "lookupType": "GRAMMAR",
        "fallbackType": "NONE",
        "fallback": ""
      },
      "fields": []
    },
    {
      "code": "epic_a_distribution_list",
      "name": "epic_a_distribution_list",
      "datumType": "CUSTOM_DATUM",
      "spanless": false,
      "overlaps": true,
      "questions": [],
      "annotations": [],
      "normalizer": {
        "normalizerType": "EXTRACT_AND_NORMALIZE",
        "lookupType": "GRAMMAR",
        "fallbackType": "NONE",
        "fallback": ""
      },
      "fields": []
    },
    {
      "code": "epic_a_mailbox",
      "name": "epic_a_mailbox",
      "datumType": "CUSTOM_DATUM",
      "spanless": false,
      "overlaps": true,
      "questions": [],
      "annotations": [],
      "normalizer": {
        "normalizerType": "EXTRACT_AND_NORMALIZE",
        "lookupType": "GRAMMAR",
        "fallbackType": "NONE",
        "fallback": ""
      },
      "fields": []
    },
    {
      "code": "esccode",
      "name": "esccode",
      "datumType": "CUSTOM_DATUM",
      "spanless": false,
      "overlaps": true,
      "questions": [],
      "annotations": [],
      "fields": []
    },
    {
      "code": "evo",
      "name": "evo",
      "datumType": "CUSTOM_DATUM",
      "spanless": false,
      "overlaps": true,
      "questions": [],
      "annotations": [],
      "fields": []
    },
    {
      "code": "FAQ_POC_entities",
      "name": "FAQ_POC_entities",
      "datumType": "TEXT",
      "spanless": true,
      "overlaps": true,
      "questions": [],
      "annotations": [
        {
          "value": "add_goal_to_pd_form",
          "text": "Can I update my goals throughout the year"
        },
        {
          "value": "add_goal_to_pd_form",
          "text": "Can you show me the PD form?"
        },
        {
          "value": "add_goal_to_pd_form",
          "text": "Change my goals"
        },
        {
          "value": "add_goal_to_pd_form",
          "text": "Could you help me with my goals?"
        },
        {
          "value": "add_goal_to_pd_form",
          "text": "Give me PD form"
        },
        {
          "value": "add_goal_to_pd_form",
          "text": "Give me the link to my PD goals on SuccessFactors"
        },
        {
          "value": "add_goal_to_pd_form",
          "text": "Gosh I don't know where to find my PD form TOBi"
        },
        {
          "value": "add_goal_to_pd_form",
          "text": "Help I don't know where to find my PD form"
        },
        {
          "value": "add_goal_to_pd_form",
          "text": "How can I add new goals?"
        },
        {
          "value": "add_goal_to_pd_form",
          "text": "How can I enter my achievements"
        },
        {
          "value": "add_goal_to_pd_form",
          "text": "How can I find my PD form?"
        },
        {
          "value": "add_goal_to_pd_form",
          "text": "How can I see my objectives?"
        },
        {
          "value": "add_goal_to_pd_form",
          "text": "How do I access my personal development foals profile"
        },
        {
          "value": "add_goal_to_pd_form",
          "text": "How do I add a goal"
        },
        {
          "value": "add_goal_to_pd_form",
          "text": "How do I find my PD"
        },
        {
          "value": "add_goal_to_pd_form",
          "text": "How do I find my PD form"
        },
        {
          "value": "add_goal_to_pd_form",
          "text": "How do I get to my PD"
        },
        {
          "value": "add_goal_to_pd_form",
          "text": "How do I get to my PD form?"
        },
        {
          "value": "add_goal_to_pd_form",
          "text": "How do I track progress against my objectives?"
        },
        {
          "value": "add_goal_to_pd_form",
          "text": "I need to update my PD goals"
        },
        {
          "value": "add_goal_to_pd_form",
          "text": "I want to enter my goals for this year"
        },
        {
          "value": "add_goal_to_pd_form",
          "text": "I want to submit my goals"
        },
        {
          "value": "add_goal_to_pd_form",
          "text": "I'm looking for my PD form"
        },
        {
          "value": "add_goal_to_pd_form",
          "text": "Me want PD form"
        },
        {
          "value": "add_goal_to_pd_form",
          "text": "No idea where PD stuff is need some help"
        },
        {
          "value": "add_goal_to_pd_form",
          "text": "PD form"
        },
        {
          "value": "add_goal_to_pd_form",
          "text": "PD forms, where are they?"
        },
        {
          "value": "add_goal_to_pd_form",
          "text": "Take me to my Performance Development form"
        },
        {
          "value": "add_goal_to_pd_form",
          "text": "TOBi I can't find my PD form where do I go?"
        },
        {
          "value": "add_goal_to_pd_form",
          "text": "TOBi! Help me find my PD form"
        },
        {
          "value": "add_goal_to_pd_form",
          "text": "What do I need to do for PD this year"
        },
        {
          "value": "add_goal_to_pd_form",
          "text": "What is the deadline for adding goals/self assessment"
        },
        {
          "value": "add_goal_to_pd_form",
          "text": "Where can I go to find my PD form?"
        },
        {
          "value": "add_goal_to_pd_form",
          "text": "Where can I see my manager comments?"
        },
        {
          "value": "add_goal_to_pd_form",
          "text": "Where do I enter my goals for this year?"
        },
        {
          "value": "add_goal_to_pd_form",
          "text": "Where do I enter my objectives"
        },
        {
          "value": "add_goal_to_pd_form",
          "text": "Where do I go to complete my PD form"
        },
        {
          "value": "add_goal_to_pd_form",
          "text": "Where do I go to find my performance development forms?"
        },
        {
          "value": "add_goal_to_pd_form",
          "text": "Where is my PD form"
        },
        {
          "value": "add_goal_to_pd_form",
          "text": "Where is my PD form?"
        },
        {
          "value": "add_goal_to_pd_form",
          "text": "Where is my Pd from?"
        },
        {
          "value": "add_goal_to_pd_form",
          "text": "Where's my PD form?"
        },
        {
          "value": "add_goal_to_pd_form",
          "text": "Where's my PD?"
        },
        {
          "value": "breakthrough_goal_advice",
          "text": "Can I add additional goals?"
        },
        {
          "value": "breakthrough_goal_advice",
          "text": "Can I set 10 goals?"
        },
        {
          "value": "breakthrough_goal_advice",
          "text": "Can I set 100 goals?"
        },
        {
          "value": "breakthrough_goal_advice",
          "text": "Can you recommend how many goals I should set?"
        },
        {
          "value": "breakthrough_goal_advice",
          "text": "Do I need more goals than my manager has cascaded?"
        },
        {
          "value": "breakthrough_goal_advice",
          "text": "How do I enter breakthrough goals?"
        },
        {
          "value": "breakthrough_goal_advice",
          "text": "How do I know I'v got the right number of goals?"
        },
        {
          "value": "breakthrough_goal_advice",
          "text": "How do I know I've got the right objectives?"
        },
        {
          "value": "breakthrough_goal_advice",
          "text": "How do I make a breakthrough goal SMART?"
        },
        {
          "value": "breakthrough_goal_advice",
          "text": "How do I modify my goals?"
        },
        {
          "value": "breakthrough_goal_advice",
          "text": "How do I update my goals now I am in my role?"
        },
        {
          "value": "breakthrough_goal_advice",
          "text": "How many breakthrough goals should I have?"
        },
        {
          "value": "breakthrough_goal_advice",
          "text": "How many breakthrough goals should I set?"
        },
        {
          "value": "breakthrough_goal_advice",
          "text": "How many goals can I set?"
        },
        {
          "value": "breakthrough_goal_advice",
          "text": "How many goals do I currently have?"
        },
        {
          "value": "breakthrough_goal_advice",
          "text": "How many goals do I need for this year?"
        },
        {
          "value": "breakthrough_goal_advice",
          "text": "How many goals do I need?"
        },
        {
          "value": "breakthrough_goal_advice",
          "text": "How many more goals do I need?"
        },
        {
          "value": "breakthrough_goal_advice",
          "text": "How many more PD goals do I need?"
        },
        {
          "value": "breakthrough_goal_advice",
          "text": "How many personal goals should I enter?"
        },
        {
          "value": "breakthrough_goal_advice",
          "text": "How many total goals do I need to have?"
        },
        {
          "value": "breakthrough_goal_advice",
          "text": "I have too many goals how can I get rid of some?"
        },
        {
          "value": "breakthrough_goal_advice",
          "text": "I need advice on the best number of goals to set"
        },
        {
          "value": "breakthrough_goal_advice",
          "text": "I originally submitted someone else's goals but now I've thought of my own and need to change them. Help!"
        },
        {
          "value": "breakthrough_goal_advice",
          "text": "I think I have too many objectives"
        },
        {
          "value": "breakthrough_goal_advice",
          "text": "I want to change my goals"
        },
        {
          "value": "breakthrough_goal_advice",
          "text": "I've accidentally submitted the wrong goals, what do I do?"
        },
        {
          "value": "breakthrough_goal_advice",
          "text": "Is there a maximum number of goals I can put in?"
        },
        {
          "value": "breakthrough_goal_advice",
          "text": "Is there a maximum number of goals I can set?"
        },
        {
          "value": "breakthrough_goal_advice",
          "text": "Is there a minimum number of goals I can set?"
        },
        {
          "value": "breakthrough_goal_advice",
          "text": "My manager said my lack of commitment means I probably won't achieve the goals I've set, so how can I change them?"
        },
        {
          "value": "breakthrough_goal_advice",
          "text": "Tell me the number of objectives I should have"
        },
        {
          "value": "breakthrough_goal_advice",
          "text": "TOBi help me with breakthrough goals"
        },
        {
          "value": "breakthrough_goal_advice",
          "text": "What are breakthrough goals"
        },
        {
          "value": "breakthrough_goal_advice",
          "text": "What does a good breakthrough goal look like?"
        },
        {
          "value": "breakthrough_goal_advice",
          "text": "What is SMART?"
        },
        {
          "value": "breakthrough_goal_advice",
          "text": "What is the best amount of goals?"
        },
        {
          "value": "breakthrough_goal_advice",
          "text": "What is the right amount of goals?"
        },
        {
          "value": "breakthrough_goal_advice",
          "text": "What were my old goals?"
        },
        {
          "value": "breakthrough_goal_advice",
          "text": "What's the average performance goals to set?"
        },
        {
          "value": "breakthrough_goal_advice",
          "text": "What's the maximum goals I should set?"
        },
        {
          "value": "breakthrough_goal_advice",
          "text": "What's the recommended number of foals?"
        },
        {
          "value": "breakthrough_goal_advice",
          "text": "What's the right number of objectives?"
        },
        {
          "value": "breakthrough_goal_advice",
          "text": "When can I add new goals?"
        },
        {
          "value": "breakthrough_goal_advice",
          "text": "Where do I go to enter breakthrough goals?"
        },
        {
          "value": "development_goal_advice",
          "text": "Approve development plan."
        },
        {
          "value": "development_goal_advice",
          "text": "Are my old development goals in SuccessFactors?"
        },
        {
          "value": "development_goal_advice",
          "text": "Are my old Development Goals in SuccessFactors?"
        },
        {
          "value": "development_goal_advice",
          "text": "Can I enter skills in my development plan?"
        },
        {
          "value": "development_goal_advice",
          "text": "Can I update my development plan?"
        },
        {
          "value": "development_goal_advice",
          "text": "Can my manager enter skills in my development plan?"
        },
        {
          "value": "development_goal_advice",
          "text": "Can my manager update my development plan?"
        },
        {
          "value": "development_goal_advice",
          "text": "Can you show me last year's development plan?"
        },
        {
          "value": "development_goal_advice",
          "text": "Can you show me my development plan?"
        },
        {
          "value": "development_goal_advice",
          "text": "Can you show my old development goals?"
        },
        {
          "value": "development_goal_advice",
          "text": "Can you take me to my development plan?"
        },
        {
          "value": "development_goal_advice",
          "text": "Development plan please"
        },
        {
          "value": "development_goal_advice",
          "text": "Do I have to enter skills in my development plan?"
        },
        {
          "value": "development_goal_advice",
          "text": "Do I have to update my development plan?"
        },
        {
          "value": "development_goal_advice",
          "text": "Do you have a link to my development plan?"
        },
        {
          "value": "development_goal_advice",
          "text": "Give me a link to my dp?"
        },
        {
          "value": "development_goal_advice",
          "text": "Have my development goals been migrated from EVO?"
        },
        {
          "value": "development_goal_advice",
          "text": "Have my development goals followed me?"
        },
        {
          "value": "development_goal_advice",
          "text": "How do I access my Development Goals?"
        },
        {
          "value": "development_goal_advice",
          "text": "How do I finalise my development plan?"
        },
        {
          "value": "development_goal_advice",
          "text": "How do I find my development plan?"
        },
        {
          "value": "development_goal_advice",
          "text": "How do I find my old development goals?"
        },
        {
          "value": "development_goal_advice",
          "text": "How do I get my development plan approved?"
        },
        {
          "value": "development_goal_advice",
          "text": "How do I update my development plan?"
        },
        {
          "value": "development_goal_advice",
          "text": "How is my development plan agreed?"
        },
        {
          "value": "development_goal_advice",
          "text": "How many behavioural skills should be in my development plan?"
        },
        {
          "value": "development_goal_advice",
          "text": "How many skills do I need in my development plan?"
        },
        {
          "value": "development_goal_advice",
          "text": "How many things should be in my development plan?"
        },
        {
          "value": "development_goal_advice",
          "text": "How should I start my development plan?"
        },
        {
          "value": "development_goal_advice",
          "text": "I can't find my development plan."
        },
        {
          "value": "development_goal_advice",
          "text": "I can't find my PD"
        },
        {
          "value": "development_goal_advice",
          "text": "I can't get to my development plan."
        },
        {
          "value": "development_goal_advice",
          "text": "I don't know how to update my development plan."
        },
        {
          "value": "development_goal_advice",
          "text": "I don't know where to enter my development skills."
        },
        {
          "value": "development_goal_advice",
          "text": "I need my development plan."
        },
        {
          "value": "development_goal_advice",
          "text": "I need to enter skills in my development plan."
        },
        {
          "value": "development_goal_advice",
          "text": "I need to find my development objectives"
        },
        {
          "value": "development_goal_advice",
          "text": "I need to find my development plan."
        },
        {
          "value": "development_goal_advice",
          "text": "I need to update my development plan."
        },
        {
          "value": "development_goal_advice",
          "text": "I want my development plan."
        },
        {
          "value": "development_goal_advice",
          "text": "I want to add skills to my development plan."
        },
        {
          "value": "development_goal_advice",
          "text": "I want to find my development plan."
        },
        {
          "value": "development_goal_advice",
          "text": "I want to update my development plan."
        },
        {
          "value": "development_goal_advice",
          "text": "I'm looking for my development plan."
        },
        {
          "value": "development_goal_advice",
          "text": "I'm looking for the process for my development plan."
        },
        {
          "value": "development_goal_advice",
          "text": "I'm trying to add skills to my development plan."
        },
        {
          "value": "development_goal_advice",
          "text": "I'm trying to find my development plan."
        },
        {
          "value": "development_goal_advice",
          "text": "I'm trying to find out the process for my development plan."
        },
        {
          "value": "development_goal_advice",
          "text": "I'm trying to get my development plan approved."
        },
        {
          "value": "development_goal_advice",
          "text": "I'm trying to get to my development plan."
        },
        {
          "value": "development_goal_advice",
          "text": "I'm trying to update my development plan."
        },
        {
          "value": "development_goal_advice",
          "text": "Is my development plan visible to my manager?"
        },
        {
          "value": "development_goal_advice",
          "text": "Is there an app for my development goals?"
        },
        {
          "value": "development_goal_advice",
          "text": "Show me my development plan"
        },
        {
          "value": "development_goal_advice",
          "text": "Show me my old development goals"
        },
        {
          "value": "development_goal_advice",
          "text": "Take me to my Development Plan"
        },
        {
          "value": "development_goal_advice",
          "text": "Take me to my development plan"
        },
        {
          "value": "development_goal_advice",
          "text": "Take me to my development plan."
        },
        {
          "value": "development_goal_advice",
          "text": "TOBi where an earth do I go to fill in my development plan?"
        },
        {
          "value": "development_goal_advice",
          "text": "Update development plan."
        },
        {
          "value": "development_goal_advice",
          "text": "What am I supposed to do with my development plan?"
        },
        {
          "value": "development_goal_advice",
          "text": "What do I do with my development plan"
        },
        {
          "value": "development_goal_advice",
          "text": "What do I need to include in my development plan?"
        },
        {
          "value": "development_goal_advice",
          "text": "What does my development plan look like?"
        },
        {
          "value": "development_goal_advice",
          "text": "What goes into my development plan"
        },
        {
          "value": "development_goal_advice",
          "text": "What is the process for my development plan?"
        },
        {
          "value": "development_goal_advice",
          "text": "What kind of things should be in my development plan?"
        },
        {
          "value": "development_goal_advice",
          "text": "What should I include in my development plan?"
        },
        {
          "value": "development_goal_advice",
          "text": "What should I put in my development plan?"
        },
        {
          "value": "development_goal_advice",
          "text": "What should I put in my DP?"
        },
        {
          "value": "development_goal_advice",
          "text": "What should my development plan contain?"
        },
        {
          "value": "development_goal_advice",
          "text": "What should my development plan look like?"
        },
        {
          "value": "development_goal_advice",
          "text": "What skills go into my development plan?"
        },
        {
          "value": "development_goal_advice",
          "text": "What's a development plan?"
        },
        {
          "value": "development_goal_advice",
          "text": "What's the focus of my development plan?"
        },
        {
          "value": "development_goal_advice",
          "text": "When can I update my development plan?"
        },
        {
          "value": "development_goal_advice",
          "text": "When does my development plan need to be completed?"
        },
        {
          "value": "development_goal_advice",
          "text": "When does my manager see my development plan?"
        },
        {
          "value": "development_goal_advice",
          "text": "When should my development plan be discussed with my manager?"
        },
        {
          "value": "development_goal_advice",
          "text": "When should my development plan be reviewed?"
        },
        {
          "value": "development_goal_advice",
          "text": "Where are my old development goals?"
        },
        {
          "value": "development_goal_advice",
          "text": "Where do I get to my development plan?"
        },
        {
          "value": "development_goal_advice",
          "text": "Where do I update my development plan?"
        },
        {
          "value": "development_goal_advice",
          "text": "Where is my Development plan"
        },
        {
          "value": "development_goal_advice",
          "text": "Where's my development plan?"
        },
        {
          "value": "development_goal_advice",
          "text": "Where's my goals?"
        },
        {
          "value": "development_goal_advice",
          "text": "Who adds skills to my development plan?"
        },
        {
          "value": "development_goal_advice",
          "text": "Who agrees my development plan?"
        },
        {
          "value": "development_goal_advice",
          "text": "Who approves my development plan?"
        },
        {
          "value": "development_goal_advice",
          "text": "Who can see my development plan?"
        },
        {
          "value": "development_goal_advice",
          "text": "Who owns my development plan?"
        },
        {
          "value": "development_goal_advice",
          "text": "Who updates my development plan?"
        },
        {
          "value": "development_goal_advice",
          "text": "Why do I need a development plan?"
        }
      ],
      "fields": []
    },
    {
      "code": "FieldSupportSlot",
      "name": "FieldSupportSlot",
      "datumType": "CUSTOM_DATUM",
      "spanless": false,
      "overlaps": true,
      "questions": [],
      "annotations": [],
      "normalizer": {
        "normalizerType": "EXTRACT_AND_NORMALIZE",
        "lookupType": "GRAMMAR",
        "fallbackType": "NONE",
        "fallback": ""
      },
      "fields": []
    },
    {
      "code": "global_answer",
      "name": "global_answer",
      "datumType": "CUSTOM_DATUM",
      "spanless": false,
      "overlaps": true,
      "questions": [],
      "annotations": [],
      "fields": []
    },
    {
      "code": "IncidentApplicationList",
      "name": "IncidentApplicationList",
      "datumType": "CUSTOM_DATUM",
      "spanless": false,
      "overlaps": true,
      "questions": [],
      "annotations": [],
      "normalizer": {
        "normalizerType": "EXTRACT_AND_NORMALIZE",
        "lookupType": "GRAMMAR",
        "fallbackType": "NONE",
        "fallback": ""
      },
      "fields": []
    },
    {
      "code": "installuninstall",
      "name": "installuninstall",
      "datumType": "CUSTOM_DATUM",
      "spanless": false,
      "overlaps": true,
      "questions": [],
      "annotations": [],
      "fields": []
    },
    {
      "code": "issue",
      "name": "issue",
      "datumType": "CUSTOM_DATUM",
      "spanless": false,
      "overlaps": true,
      "questions": [],
      "annotations": [],
      "normalizer": {
        "normalizerType": "EXTRACT_AND_NORMALIZE",
        "lookupType": "GRAMMAR",
        "fallbackType": "NONE",
        "fallback": ""
      },
      "fields": []
    },
    {
      "code": "issue_app_everything_else",
      "name": "issue_app_everything_else",
      "datumType": "CUSTOM_DATUM",
      "spanless": false,
      "overlaps": true,
      "questions": [],
      "annotations": [],
      "normalizer": {
        "normalizerType": "EXTRACT_AND_NORMALIZE",
        "lookupType": "GRAMMAR",
        "fallbackType": "NONE",
        "fallback": ""
      },
      "fields": []
    },
    {
      "code": "issue_app_evo",
      "name": "issue_app_evo",
      "datumType": "CUSTOM_DATUM",
      "spanless": false,
      "overlaps": true,
      "questions": [],
      "annotations": [],
      "normalizer": {
        "normalizerType": "EXTRACT_AND_NORMALIZE",
        "lookupType": "GRAMMAR",
        "fallbackType": "NONE",
        "fallback": ""
      },
      "fields": []
    },
    {
      "code": "issue_evo_not_trained",
      "name": "issue_evo_not_trained",
      "datumType": "CUSTOM_DATUM",
      "spanless": false,
      "overlaps": true,
      "questions": [],
      "annotations": [],
      "normalizer": {
        "normalizerType": "EXTRACT_AND_NORMALIZE",
        "lookupType": "GRAMMAR",
        "fallbackType": "NONE",
        "fallback": ""
      },
      "fields": []
    },
    {
      "code": "IssueType",
      "name": "IssueType",
      "datumType": "CUSTOM_DATUM",
      "spanless": false,
      "overlaps": true,
      "questions": [],
      "annotations": [],
      "normalizer": {
        "normalizerType": "EXTRACT_AND_NORMALIZE",
        "lookupType": "GRAMMAR",
        "fallbackType": "NONE",
        "fallback": ""
      },
      "fields": []
    },
    {
      "code": "kundenbetreuung",
      "name": "kundenbetreuung",
      "datumType": "CUSTOM_DATUM",
      "spanless": false,
      "overlaps": true,
      "questions": [],
      "annotations": [],
      "fields": []
    },
    {
      "code": "locked",
      "name": "locked",
      "datumType": "CUSTOM_DATUM",
      "spanless": false,
      "overlaps": true,
      "questions": [],
      "annotations": [],
      "normalizer": {
        "normalizerType": "EXTRACT_AND_NORMALIZE",
        "lookupType": "GRAMMAR",
        "fallbackType": "NONE",
        "fallback": ""
      },
      "fields": []
    },
    {
      "code": "mail_test",
      "name": "mail_test",
      "datumType": "CUSTOM_DATUM",
      "spanless": false,
      "overlaps": true,
      "questions": [],
      "annotations": [],
      "normalizer": {
        "normalizerType": "EXTRACT_AND_NORMALIZE",
        "lookupType": "GRAMMAR",
        "fallbackType": "NONE",
        "fallback": ""
      },
      "fields": []
    },
    {
      "code": "maximum",
      "name": "maximum",
      "datumType": "CUSTOM_DATUM",
      "spanless": false,
      "overlaps": true,
      "questions": [],
      "annotations": [],
      "normalizer": {
        "normalizerType": "EXTRACT_AND_NORMALIZE",
        "lookupType": "GRAMMAR",
        "fallbackType": "NONE",
        "fallback": ""
      },
      "fields": []
    },
    {
      "code": "natasha23",
      "name": "natasha",
      "datumType": "CUSTOM_DATUM",
      "spanless": false,
      "overlaps": true,
      "questions": [],
      "annotations": [],
      "normalizer": {
        "normalizerType": "EXTRACT_AND_NORMALIZE",
        "lookupType": "GAZETTEER",
        "config": {
          "gazetteerType": "RegexGazetteer",
          "stringFunctionTypes": [
            "LowerCase",
            "NormalizeUnicode"
          ]
        },
        "fallbackType": "ORIGINAL",
        "fallback": "Something wrong"
      },
      "fields": []
    },
    {
      "code": "ntbt",
      "name": "ntbt",
      "datumType": "CUSTOM_DATUM",
      "spanless": false,
      "overlaps": true,
      "questions": [],
      "annotations": [],
      "fields": []
    },
    {
      "code": "ol_access_issues",
      "name": "ol_access_issues",
      "datumType": "CUSTOM_DATUM",
      "spanless": false,
      "overlaps": true,
      "questions": [],
      "annotations": [],
      "fields": []
    },
    {
      "code": "ol_archive_issues",
      "name": "ol_archive_issues",
      "datumType": "CUSTOM_DATUM",
      "spanless": false,
      "overlaps": true,
      "questions": [],
      "annotations": [],
      "fields": []
    },
    {
      "code": "ol_calender_issues",
      "name": "ol_calender_issues",
      "datumType": "CUSTOM_DATUM",
      "spanless": false,
      "overlaps": true,
      "questions": [],
      "annotations": [],
      "fields": []
    },
    {
      "code": "ol_credentialsues",
      "name": "ol_credentialsues",
      "datumType": "CUSTOM_DATUM",
      "spanless": false,
      "overlaps": true,
      "questions": [],
      "annotations": [],
      "fields": []
    },
    {
      "code": "ol_send_issues",
      "name": "ol_send_issues",
      "datumType": "CUSTOM_DATUM",
      "spanless": false,
      "overlaps": true,
      "questions": [],
      "annotations": [],
      "fields": []
    },
    {
      "code": "Onbehalf",
      "name": "Onbehalf",
      "datumType": "CUSTOM_DATUM",
      "spanless": false,
      "overlaps": true,
      "questions": [],
      "annotations": [],
      "normalizer": {
        "normalizerType": "EXTRACT_AND_NORMALIZE",
        "lookupType": "GRAMMAR",
        "fallbackType": "NONE",
        "fallback": ""
      },
      "fields": []
    },
    {
      "code": "outlook_answer",
      "name": "outlook_answer",
      "datumType": "CUSTOM_DATUM",
      "spanless": false,
      "overlaps": true,
      "questions": [],
      "annotations": [],
      "fields": []
    },
    {
      "code": "outlook_kalender_issue",
      "name": "outlook_kalender_issue",
      "datumType": "CUSTOM_DATUM",
      "spanless": false,
      "overlaps": true,
      "questions": [],
      "annotations": [],
      "fields": []
    },
    {
      "code": "outlook_password",
      "name": "outlook_password",
      "datumType": "CUSTOM_DATUM",
      "spanless": false,
      "overlaps": true,
      "questions": [],
      "annotations": [],
      "fields": []
    },
    {
      "code": "outlook_troubleshoting",
      "name": "outlook_troubleshoting",
      "datumType": "CUSTOM_DATUM",
      "spanless": false,
      "overlaps": true,
      "questions": [],
      "annotations": [],
      "fields": []
    },
    {
      "code": "OutlookIssueType",
      "name": "OutlookIssueType",
      "datumType": "CUSTOM_DATUM",
      "spanless": false,
      "overlaps": true,
      "questions": [],
      "annotations": [],
      "normalizer": {
        "normalizerType": "EXTRACT_AND_NORMALIZE",
        "lookupType": "GRAMMAR",
        "fallbackType": "NONE",
        "fallback": ""
      },
      "fields": []
    },
    {
      "code": "passcode",
      "name": "passcode",
      "datumType": "CUSTOM_DATUM",
      "spanless": false,
      "overlaps": true,
      "questions": [],
      "annotations": [],
      "normalizer": {
        "normalizerType": "EXTRACT_AND_NORMALIZE",
        "lookupType": "GRAMMAR",
        "fallbackType": "NONE",
        "fallback": ""
      },
      "fields": []
    },
    {
      "code": "phone_number",
      "name": "phone_number",
      "description": "This is a test entity to demonstrate how to do checks on entities",
      "datumType": "PHONE_NUMBER",
      "spanless": false,
      "overlaps": true,
      "questions": [
        "What is your phone number?"
      ],
      "annotations": [],
      "fields": []
    },
    {
      "code": "PhoneType",
      "name": "PhoneType",
      "datumType": "CUSTOM_DATUM",
      "spanless": false,
      "overlaps": true,
      "questions": [
        "Which phone do you like?"
      ],
      "annotations": [],
      "normalizer": {
        "normalizerType": "EXTRACT_AND_NORMALIZE",
        "lookupType": "GRAMMAR",
        "fallbackType": "NONE",
        "fallback": ""
      },
      "fields": []
    },
    {
      "code": "Problem",
      "name": "Problem",
      "datumType": "CUSTOM_DATUM",
      "spanless": false,
      "overlaps": true,
      "questions": [],
      "annotations": [],
      "normalizer": {
        "normalizerType": "EXTRACT_AND_NORMALIZE",
        "lookupType": "GRAMMAR",
        "fallbackType": "NONE",
        "fallback": ""
      },
      "fields": []
    },
    {
      "code": "pwd_app_everything_else",
      "name": "pwd_app_everything_else",
      "description": "test natasha",
      "datumType": "CUSTOM_DATUM",
      "spanless": false,
      "overlaps": true,
      "questions": [],
      "annotations": [],
      "normalizer": {
        "normalizerType": "EXTRACT_AND_NORMALIZE",
        "lookupType": "GRAMMAR",
        "fallbackType": "NONE",
        "fallback": ""
      },
      "fields": []
    },
    {
      "code": "pwd_app_evo",
      "name": "pwd_app_evo",
      "datumType": "CUSTOM_DATUM",
      "spanless": false,
      "overlaps": true,
      "questions": [],
      "annotations": [],
      "normalizer": {
        "normalizerType": "EXTRACT_AND_NORMALIZE",
        "lookupType": "GRAMMAR",
        "fallbackType": "NONE",
        "fallback": ""
      },
      "fields": []
    },
    {
      "code": "pwreset_dormantacc",
      "name": "pwreset_dormantacc",
      "datumType": "CUSTOM_DATUM",
      "spanless": false,
      "overlaps": true,
      "questions": [],
      "annotations": [],
      "fields": []
    },
    {
      "code": "remedy9secretkey",
      "name": "remedy9secretkey",
      "datumType": "CUSTOM_DATUM",
      "spanless": false,
      "overlaps": true,
      "questions": [],
      "annotations": [],
      "fields": []
    },
    {
      "code": "reopenticket",
      "name": "reopenticket",
      "datumType": "CUSTOM_DATUM",
      "spanless": false,
      "overlaps": true,
      "questions": [],
      "annotations": [],
      "fields": []
    },
    {
      "code": "resetScenarios",
      "name": "resetScenarios",
      "datumType": "CUSTOM_DATUM",
      "spanless": false,
      "overlaps": true,
      "questions": [],
      "annotations": [],
      "normalizer": {
        "normalizerType": "EXTRACT_AND_NORMALIZE",
        "lookupType": "GRAMMAR",
        "fallbackType": "NONE",
        "fallback": ""
      },
      "fields": []
    },
    {
      "code": "resolveticket",
      "name": "resolveticket",
      "datumType": "CUSTOM_DATUM",
      "spanless": false,
      "overlaps": true,
      "questions": [],
      "annotations": [],
      "fields": []
    },
    {
      "code": "SecretCode",
      "name": "SecretCode",
      "datumType": "CUSTOM_DATUM",
      "spanless": false,
      "overlaps": true,
      "questions": [],
      "annotations": [],
      "normalizer": {
        "normalizerType": "EXTRACT_AND_NORMALIZE",
        "lookupType": "GRAMMAR",
        "grammar": "Secret_Code",
        "fallbackType": "NONE",
        "fallback": ""
      },
      "fields": []
    },
    {
      "code": "SecretCodeTest",
      "name": "SecretCodeTest",
      "description": "test",
      "datumType": "CUSTOM_DATUM",
      "spanless": false,
      "overlaps": true,
      "questions": [],
      "annotations": [],
      "normalizer": {
        "normalizerType": "EXTRACT_AND_NORMALIZE",
        "lookupType": "GRAMMAR",
        "grammar": "natasha",
        "fallbackType": "NONE"
      },
      "fields": []
    },
    {
      "code": "ServiceType",
      "name": "ServiceType",
      "datumType": "CUSTOM_DATUM",
      "spanless": false,
      "overlaps": true,
      "questions": [],
      "annotations": [],
      "normalizer": {
        "normalizerType": "EXTRACT_AND_NORMALIZE",
        "lookupType": "GRAMMAR",
        "fallbackType": "NONE",
        "fallback": ""
      },
      "fields": []
    },
    {
      "code": "shared_drive",
      "name": "shared_drive",
      "datumType": "CUSTOM_DATUM",
      "spanless": false,
      "overlaps": true,
      "questions": [],
      "annotations": [],
      "normalizer": {
        "normalizerType": "EXTRACT_AND_NORMALIZE",
        "lookupType": "GRAMMAR",
        "fallbackType": "NONE",
        "fallback": ""
      },
      "fields": []
    },
    {
      "code": "SharedMailboxEmail",
      "name": "SharedMailboxEmail",
      "datumType": "CUSTOM_DATUM",
      "spanless": false,
      "overlaps": true,
      "questions": [],
      "annotations": [],
      "normalizer": {
        "normalizerType": "EXTRACT_AND_NORMALIZE",
        "lookupType": "GRAMMAR",
        "fallbackType": "NONE",
        "fallback": ""
      },
      "fields": []
    },
    {
      "code": "software_answer",
      "name": "software_answer",
      "datumType": "CUSTOM_DATUM",
      "spanless": false,
      "overlaps": true,
      "questions": [],
      "annotations": [],
      "fields": []
    },
    {
      "code": "super_kalender_issue",
      "name": "super_kalender_issue",
      "datumType": "CUSTOM_DATUM",
      "spanless": false,
      "overlaps": true,
      "questions": [],
      "annotations": [],
      "fields": []
    },
    {
      "code": "super_loggin_issue",
      "name": "super_loggin_issue",
      "datumType": "CUSTOM_DATUM",
      "spanless": false,
      "overlaps": true,
      "questions": [],
      "annotations": [],
      "fields": []
    },
    {
      "code": "super_password",
      "name": "super_password",
      "datumType": "CUSTOM_DATUM",
      "spanless": false,
      "overlaps": true,
      "questions": [],
      "annotations": [],
      "fields": []
    },
    {
      "code": "super_pin",
      "name": "super_pin",
      "datumType": "CUSTOM_DATUM",
      "spanless": false,
      "overlaps": true,
      "questions": [],
      "annotations": [],
      "fields": []
    },
    {
      "code": "super333",
      "name": "super333",
      "datumType": "CUSTOM_DATUM",
      "spanless": false,
      "overlaps": true,
      "questions": [],
      "annotations": [],
      "normalizer": {
        "normalizerType": "EXTRACT_AND_NORMALIZE",
        "lookupType": "GRAMMAR",
        "fallbackType": "NONE",
        "fallback": ""
      },
      "fields": []
    },
    {
      "code": "symantec_answer",
      "name": "symantec_answer",
      "datumType": "CUSTOM_DATUM",
      "spanless": false,
      "overlaps": true,
      "questions": [],
      "annotations": [],
      "fields": []
    },
    {
      "code": "symantec_pin",
      "name": "symantec_pin",
      "datumType": "CUSTOM_DATUM",
      "spanless": false,
      "overlaps": true,
      "questions": [],
      "annotations": [],
      "fields": []
    },
    {
      "code": "symanteccredentials",
      "name": "symanteccredentials",
      "datumType": "CUSTOM_DATUM",
      "spanless": false,
      "overlaps": true,
      "questions": [],
      "annotations": [],
      "fields": []
    },
    {
      "code": "symantecenrollment",
      "name": "symantecenrollment",
      "datumType": "CUSTOM_DATUM",
      "spanless": false,
      "overlaps": true,
      "questions": [],
      "annotations": [],
      "fields": []
    },
    {
      "code": "symanteclogin",
      "name": "symanteclogin",
      "datumType": "CUSTOM_DATUM",
      "spanless": false,
      "overlaps": true,
      "questions": [],
      "annotations": [],
      "fields": []
    },
    {
      "code": "symantecunregistration",
      "name": "symantecunregistration",
      "datumType": "CUSTOM_DATUM",
      "spanless": false,
      "overlaps": true,
      "questions": [],
      "annotations": [],
      "fields": []
    },
    {
      "code": "sync",
      "name": "sync",
      "datumType": "CUSTOM_DATUM",
      "spanless": false,
      "overlaps": true,
      "questions": [],
      "annotations": [],
      "normalizer": {
        "normalizerType": "EXTRACT_AND_NORMALIZE",
        "lookupType": "GRAMMAR",
        "fallbackType": "NONE",
        "fallback": ""
      },
      "fields": []
    },
    {
      "code": "SyncFailIdentified",
      "name": "SyncFailIdentified",
      "datumType": "CUSTOM_DATUM",
      "spanless": false,
      "overlaps": true,
      "questions": [],
      "annotations": [],
      "normalizer": {
        "normalizerType": "EXTRACT_AND_NORMALIZE",
        "lookupType": "GRAMMAR",
        "fallbackType": "NONE",
        "fallback": ""
      },
      "fields": []
    },
    {
      "code": "ticket_chase_answer",
      "name": "ticket_chase_answer",
      "datumType": "CUSTOM_DATUM",
      "spanless": false,
      "overlaps": true,
      "questions": [],
      "annotations": [],
      "fields": []
    },
    {
      "code": "ticket_escalate",
      "name": "ticket_escalate",
      "datumType": "CUSTOM_DATUM",
      "spanless": false,
      "overlaps": true,
      "questions": [],
      "annotations": [],
      "fields": []
    },
    {
      "code": "ticket_status",
      "name": "ticket_status",
      "datumType": "CUSTOM_DATUM",
      "spanless": false,
      "overlaps": true,
      "questions": [],
      "annotations": [],
      "fields": []
    },
    {
      "code": "ticketAction",
      "name": "ticketAction",
      "datumType": "CUSTOM_DATUM",
      "spanless": false,
      "overlaps": true,
      "questions": [],
      "annotations": [],
      "normalizer": {
        "normalizerType": "EXTRACT_AND_NORMALIZE",
        "lookupType": "GRAMMAR",
        "fallbackType": "NONE",
        "fallback": ""
      },
      "fields": []
    },
    {
      "code": "ticketNumber",
      "name": "ticketNumber",
      "datumType": "CUSTOM_DATUM",
      "spanless": false,
      "overlaps": true,
      "questions": [],
      "annotations": [],
      "normalizer": {
        "normalizerType": "EXTRACT_AND_NORMALIZE",
        "lookupType": "GRAMMAR",
        "fallbackType": "NONE",
        "fallback": ""
      },
      "fields": []
    },
    {
      "code": "ticketvalue",
      "name": "ticketvalue",
      "datumType": "CUSTOM_DATUM",
      "spanless": false,
      "overlaps": true,
      "questions": [],
      "annotations": [],
      "fields": []
    },
    {
      "code": "TroubleshootRSAToken",
      "name": "TroubleshootRSAToken",
      "datumType": "CUSTOM_DATUM",
      "spanless": false,
      "overlaps": true,
      "questions": [],
      "annotations": [],
      "normalizer": {
        "normalizerType": "EXTRACT_AND_NORMALIZE",
        "lookupType": "GRAMMAR",
        "fallbackType": "NONE",
        "fallback": ""
      },
      "fields": []
    },
    {
      "code": "type_answer",
      "name": "type_answer",
      "datumType": "CUSTOM_DATUM",
      "spanless": false,
      "overlaps": true,
      "questions": [],
      "annotations": [],
      "fields": []
    },
    {
      "code": "unenrol",
      "name": "unenrol",
      "datumType": "CUSTOM_DATUM",
      "spanless": false,
      "overlaps": true,
      "questions": [],
      "annotations": [],
      "normalizer": {
        "normalizerType": "EXTRACT_AND_NORMALIZE",
        "lookupType": "GRAMMAR",
        "fallbackType": "NONE",
        "fallback": ""
      },
      "fields": []
    },
    {
      "code": "unsuporrted_answer",
      "name": "unsuporrted_answer",
      "datumType": "CUSTOM_DATUM",
      "spanless": false,
      "overlaps": true,
      "questions": [],
      "annotations": [],
      "fields": []
    },
    {
      "code": "VerificationFailIdentified",
      "name": "VerificationFailIdentified",
      "datumType": "CUSTOM_DATUM",
      "spanless": false,
      "overlaps": true,
      "questions": [],
      "annotations": [],
      "normalizer": {
        "normalizerType": "EXTRACT_AND_NORMALIZE",
        "lookupType": "GRAMMAR",
        "fallbackType": "NONE",
        "fallback": ""
      },
      "fields": []
    },
    {
      "code": "VodafoneApplicationList",
      "name": "VodafoneApplicationList",
      "datumType": "CUSTOM_DATUM",
      "spanless": false,
      "overlaps": true,
      "questions": [],
      "annotations": [],
      "normalizer": {
        "normalizerType": "EXTRACT_AND_NORMALIZE",
        "lookupType": "GRAMMAR",
        "fallbackType": "NONE",
        "fallback": ""
      },
      "fields": []
    },
    {
      "code": "VodafoneEmail",
      "name": "VodafoneEmail",
      "datumType": "CUSTOM_DATUM",
      "spanless": false,
      "overlaps": true,
      "questions": [],
      "annotations": [],
      "normalizer": {
        "normalizerType": "EXTRACT_AND_NORMALIZE",
        "lookupType": "GRAMMAR",
        "fallbackType": "NONE",
        "fallback": ""
      },
      "fields": []
    },
    {
      "code": "windows_answer",
      "name": "windows_answer",
      "datumType": "CUSTOM_DATUM",
      "spanless": false,
      "overlaps": true,
      "questions": [],
      "annotations": [],
      "fields": []
    },
    {
      "code": "windows_loggin_password",
      "name": "windows_loggin_password",
      "datumType": "CUSTOM_DATUM",
      "spanless": false,
      "overlaps": true,
      "questions": [],
      "annotations": [],
      "fields": []
    },
    {
      "code": "windows_password",
      "name": "windows_password",
      "datumType": "CUSTOM_DATUM",
      "spanless": false,
      "overlaps": true,
      "questions": [],
      "annotations": [],
      "fields": []
    }
  ]
}