{
  "id": "c556bb3f-df6a-4801-918a-61ee952f9dfd",
  "name": "main_module",
  "type": "DETERMINISTIC",
  "description": "",
  "parentPathId": "77b7de22-7166-4503-b571-5c23e2af3299",
  "revisionId": "f7b2a206-9d06-4580-b2ef-8e271e6ca3c0",
  "revisionXml": "<?xml version=\"1.0\" encoding=\"UTF-8\"?>\r\n<bpmn2:definitions xmlns:xsi=\"http://www.w3.org/2001/XMLSchema-instance\" xmlns:bpmn2=\"http://www.omg.org/spec/BPMN/20100524/MODEL\" xmlns:bpmndi=\"http://www.omg.org/spec/BPMN/20100524/DI\" xmlns:dc=\"http://www.omg.org/spec/DD/20100524/DC\" xmlns:di=\"http://www.omg.org/spec/DD/20100524/DI\" xmlns:prop=\"http://www.ipsoft.com/schema/bpmn/prop\" id=\"sample-diagram\" targetNamespace=\"http://bpmn.io/schema/bpmn\" xsi:schemaLocation=\"http://www.omg.org/spec/BPMN/20100524/MODEL BPMN20.xsd\">\n  <bpmn2:process id=\"Process_1\" name=\"main_module\" isExecutable=\"false\">\n    <bpmn2:extensionElements>\n      <prop:property name=\"default_escalation_queue\" value=\"\"/>\n      <prop:property name=\"documentation\" value=\"\"/>\n    </bpmn2:extensionElements>\n    <bpmn2:userTask id=\"Task_0majpnw\" name=\"say Hola ${firstName}, mi nombre es TOBi👋\">\n      <bpmn2:incoming>SequenceFlow_0xwy0nj</bpmn2:incoming>\n      <bpmn2:outgoing>SequenceFlow_0gj7zth</bpmn2:outgoing>\n    </bpmn2:userTask>\n    <bpmn2:userTask id=\"Task_1059fw7\" name=\" run the workflow available_agent_module\">\n      <bpmn2:incoming>SequenceFlow_0me8lzb</bpmn2:incoming>\n      <bpmn2:outgoing>SequenceFlow_18zdccx</bpmn2:outgoing>\n    </bpmn2:userTask>\n    <bpmn2:endEvent id=\"EndEvent_1ihm4mw\">\n      <bpmn2:incoming>SequenceFlow_1281grs</bpmn2:incoming>\n    </bpmn2:endEvent>\n    <bpmn2:scriptTask id=\"Task_1iwvphr\" name=\"dynamic username\" scriptFormat=\"groovy\">\n      <bpmn2:extensionElements>\n        <prop:property name=\"included_scripts\" value=\"\"/>\n      </bpmn2:extensionElements>\n      <bpmn2:incoming>SequenceFlow_0t31nb2</bpmn2:incoming>\n      <bpmn2:outgoing>SequenceFlow_1y3o4bk</bpmn2:outgoing>\n      <bpmn2:script>def user =userService.getUser()\ndef firstName =user.firstName()\ndef lastName =user.lastName()\ndef userId = user.userId()\ndef anonymous = user.anonymous()\ndef email = user.email()\n\nexecution.setVariable(\"firstName\", firstName)\nexecution.setVariable(\"lastName\", lastName);\nexecution.setVariable(\"userId\", userId);\nexecution.setVariable(\"anonymous\", anonymous);\nexecution.setVariable(\"email\",email);\n\n\n//transientVariableService.addVariable(\"firstName\", firstName);\n\ndef firstNametr = transientVariableService.addVariable(\"firstNametr\",firstName);\n\ndef lastNametr = transientVariableService.addVariable(\"lastNametr\",\nlastName);\n\ndef emailtr = transientVariableService.addVariable(\"emailtr\",email);</bpmn2:script>\n    </bpmn2:scriptTask>\n    <bpmn2:scriptTask id=\"Task_1xinmn9\" name=\"get no. of available agents\" scriptFormat=\"groovy\">\n      <bpmn2:extensionElements>\n        <prop:property name=\"included_scripts\" value=\"\"/>\n      </bpmn2:extensionElements>\n      <bpmn2:incoming>SequenceFlow_1y3o4bk</bpmn2:incoming>\n      <bpmn2:outgoing>SequenceFlow_0xwy0nj</bpmn2:outgoing>\n      <bpmn2:script>def defaultEscalationQueuetr = transientVariableService.getVariable(\"defaultEscalationQueuetr\");\n// get the escalation queue execution variable instead\ndef defaultEscalationQueue = execution.getVariable(\"defaultEscalationQueue\");\n// end getting escalation queue var.\n\ndef countAgentsByQueueName = escalationQueueService .getNumberOfLoggedInAgentsByQueueName(defaultEscalationQueue)\n execution.setVariable(\"agentscount\",countAgentsByQueueName)\n \n // to test available flow. to turn to unavailable comment it\n  execution.setVariable(\"agentscount\",2)</bpmn2:script>\n    </bpmn2:scriptTask>\n    <bpmn2:sequenceFlow id=\"SequenceFlow_1y3o4bk\" sourceRef=\"Task_1iwvphr\" targetRef=\"Task_1xinmn9\"/>\n    <bpmn2:exclusiveGateway id=\"ExclusiveGateway_0wceg75\" name=\"AV Agent or not\" default=\"SequenceFlow_0mq0y8d\">\n      <bpmn2:incoming>SequenceFlow_0gj7zth</bpmn2:incoming>\n      <bpmn2:outgoing>SequenceFlow_0me8lzb</bpmn2:outgoing>\n      <bpmn2:outgoing>SequenceFlow_0mq0y8d</bpmn2:outgoing>\n    </bpmn2:exclusiveGateway>\n    <bpmn2:sequenceFlow id=\"SequenceFlow_0me8lzb\" name=\"Available\" sourceRef=\"ExclusiveGateway_0wceg75\" targetRef=\"Task_1059fw7\">\n      <bpmn2:extensionElements>\n        <prop:property name=\"expression\" value=\"agentscount &gt; 0\"/>\n      </bpmn2:extensionElements>\n    </bpmn2:sequenceFlow>\n    <bpmn2:sequenceFlow id=\"SequenceFlow_0mq0y8d\" name=\"Not available\" sourceRef=\"ExclusiveGateway_0wceg75\" targetRef=\"Task_04lushd\">\n      <bpmn2:extensionElements>\n        <prop:property name=\"expression\" value=\"\"/>\n      </bpmn2:extensionElements>\n    </bpmn2:sequenceFlow>\n    <bpmn2:userTask id=\"Task_04lushd\" name=\" run the workflow unavailable_agent_module\">\n      <bpmn2:incoming>SequenceFlow_0mq0y8d</bpmn2:incoming>\n      <bpmn2:outgoing>SequenceFlow_1ysgpvk</bpmn2:outgoing>\n    </bpmn2:userTask>\n    <bpmn2:sequenceFlow id=\"SequenceFlow_0gj7zth\" sourceRef=\"Task_0majpnw\" targetRef=\"ExclusiveGateway_0wceg75\"/>\n    <bpmn2:sequenceFlow id=\"SequenceFlow_0xwy0nj\" sourceRef=\"Task_1xinmn9\" targetRef=\"Task_0majpnw\"/>\n    <bpmn2:sequenceFlow id=\"SequenceFlow_1281grs\" sourceRef=\"Task_1gwhh74\" targetRef=\"EndEvent_1ihm4mw\"/>\n    <bpmn2:userTask id=\"Task_1gwhh74\" name=\"close the conversation\">\n      <bpmn2:incoming>SequenceFlow_0ts1mmw</bpmn2:incoming>\n      <bpmn2:outgoing>SequenceFlow_1281grs</bpmn2:outgoing>\n    </bpmn2:userTask>\n    <bpmn2:startEvent id=\"StartEvent_1x70kgt\">\n      <bpmn2:outgoing>SequenceFlow_0j6l4ju</bpmn2:outgoing>\n    </bpmn2:startEvent>\n    <bpmn2:sequenceFlow id=\"SequenceFlow_0j6l4ju\" sourceRef=\"StartEvent_1x70kgt\" targetRef=\"Task_02wxaue\"/>\n    <bpmn2:sequenceFlow id=\"SequenceFlow_1ysgpvk\" sourceRef=\"Task_04lushd\" targetRef=\"Task_1grt4hq\"/>\n    <bpmn2:sequenceFlow id=\"SequenceFlow_18zdccx\" sourceRef=\"Task_1059fw7\" targetRef=\"Task_1grt4hq\"/>\n    <bpmn2:userTask id=\"Task_1v8e2pa\" name=\"run the workflow userdata\">\n      <bpmn2:incoming>SequenceFlow_1q1l26k</bpmn2:incoming>\n      <bpmn2:outgoing>SequenceFlow_111lamp</bpmn2:outgoing>\n    </bpmn2:userTask>\n    <bpmn2:sequenceFlow id=\"SequenceFlow_0ts1mmw\" sourceRef=\"Task_1grt4hq\" targetRef=\"Task_1gwhh74\"/>\n    <bpmn2:scriptTask id=\"Task_1grt4hq\" name=\"defining the flag\" scriptFormat=\"groovy\">\n      <bpmn2:extensionElements>\n        <prop:property name=\"included_scripts\" value=\"\"/>\n      </bpmn2:extensionElements>\n      <bpmn2:incoming>SequenceFlow_18zdccx</bpmn2:incoming>\n      <bpmn2:incoming>SequenceFlow_1ysgpvk</bpmn2:incoming>\n      <bpmn2:outgoing>SequenceFlow_0ts1mmw</bpmn2:outgoing>\n      <bpmn2:script>def flag = 1;\n\n//execution.setVariable(\"flag\",\"1\");\n    \ndef newflag = transientVariableService.addVariable(\"newflag\",flag);</bpmn2:script>\n    </bpmn2:scriptTask>\n    <bpmn2:sequenceFlow id=\"SequenceFlow_0qmqse9\" sourceRef=\"Task_0u3ag3p\" targetRef=\"Task_0j6az1l\"/>\n    <bpmn2:scriptTask id=\"Task_0u3ag3p\" name=\"Capturing attributes from the ADFS&#xA;\" scriptFormat=\"groovy\">\n      <bpmn2:extensionElements>\n        <prop:property name=\"included_scripts\" value=\"\"/>\n      </bpmn2:extensionElements>\n      <bpmn2:incoming>SequenceFlow_04hfprs</bpmn2:incoming>\n      <bpmn2:outgoing>SequenceFlow_0qmqse9</bpmn2:outgoing>\n      <bpmn2:script>/**\n*   Purpose: Capturing the returned attributes from ADFS, the system used as a replacement for the TPS system in the user validation step\n* \tAlso the employee id is added as a transient variable here\n* \n*/\n\n\ntry{\n\n// All ADFS variables\ndef all_adfs_vars=execution.getExternalAuthenticationData()\n\n\n// Wanted ADFS variables\ndef wanted_adfs_vars=[\n\t\"Company\": all_adfs_vars.\"http://schemas.xmlsoap.org/ws/2005/05/identity/claims/company\",\n\t\"Manager's Email\": all_adfs_vars.gweReportingTo,\n\t\"User's mobile\": all_adfs_vars.Mobile,\n\t\"User's OpCo ID\": all_adfs_vars.gweVfOpcoId,\n\t\"User's DN\": all_adfs_vars.distinguishedName,\n\t\"User is internal?\": all_adfs_vars.gweinternalUser,\n\t\"User's NT user name\": all_adfs_vars.NTAccount,\n\t\"User's department\": all_adfs_vars.department,\n\t\"User's employee ID\": all_adfs_vars.employeeID,\n\t\"User has Lync enabled?\": all_adfs_vars.msRTCSIPUserEnabled,\n\t\"User's SIP address\": all_adfs_vars.msRTCSIPPrimaryUserAddress,\n\t\"User's City\":all_adfs_vars.City,\n\t\"User's Creation Date\": all_adfs_vars.whenCreated,\n\t\"User's EVO ID\": all_adfs_vars.\"msDS-cloudExtensionAttribute11\"\n]\n\n\n// Output variables to the epics\ndef out_vars_to_epics=[\n\t\"out_user_company\": wanted_adfs_vars[\"Company\"],\n\t\"out_user_manager_email\": wanted_adfs_vars[\"Manager's Email\"],\n\t\"out_user_mobile_number\": wanted_adfs_vars[\"User's mobile\"],\n\t\"out_user_opco_id\":  wanted_adfs_vars[\"User's OpCo ID\"],\n\t\"out_ud_dn\": wanted_adfs_vars[\"User's DN\"],\n\t\"out_user_market\": wanted_adfs_vars[\"User's DN\"],\n\t\"out_user_internal\": wanted_adfs_vars[\"User is internal?\"],\n\t\"out_nt_username\": wanted_adfs_vars[\"User's NT user name\"],\n\t\"out_user_department\": wanted_adfs_vars[\"User's department\"],\n\t\"out_user_employee_id\": wanted_adfs_vars[\"User's employee ID\"],\n\t\"out_has_lync\": wanted_adfs_vars[\"User has Lync enabled?\"],\n\t\"out_sip_address\": wanted_adfs_vars[\"User's SIP address\"],\n\t\"out_user_city\": wanted_adfs_vars[\"User's City\"],\n\t\"out_creation_date\": wanted_adfs_vars[\"User's Creation Date\"],\n\t\"out_user_disabled\": 0,\n\t\"out_user_account_expired\": 0,\n\t\"out_user_locked\": 0,\n\t\"out_user_pw_expired\": 0,\n\t\"out_evo_id\": wanted_adfs_vars[\"User's EVO ID\"],\n\t\"errors\": \"none\",\n]\n\n/*  \nExposing what's inside out_vars_to_epics to be used by the epics  \n*/\n\nout_vars_to_epics.each {\n\texecution.setVariable(it.key, (it.value!=null)?it.value:\"TBD\")\n}\n\n/*\nThis is to add the employeeId as a transient variable to be sent in the email because execution variables are not seen in the pre-closure BPN.\n*/\ndef employeeId = execution.getVariable(\"out_user_employee_id\");\ndef employee_idtr = transientVariableService.addVariable(\"employee_idtr\",employeeId);\n\n\n\n} catch (Exception e) {\n\tdef script_error = e.getMessage()\n\t\tlog.error(execution, script_error)\n\t\texecution.setVariable(\"script_error\", script_error)\n  \t\texecution.setVariable(\"errors\", script_error)\n\t\t// print(script_error)\n}</bpmn2:script>\n    </bpmn2:scriptTask>\n    <bpmn2:scriptTask id=\"Task_0j6az1l\" name=\"get URL variables and give more priority to URL localmarket over ADFS\" scriptFormat=\"groovy\">\n      <bpmn2:extensionElements>\n        <prop:property name=\"included_scripts\" value=\"\"/>\n      </bpmn2:extensionElements>\n      <bpmn2:incoming>SequenceFlow_0qmqse9</bpmn2:incoming>\n      <bpmn2:outgoing>SequenceFlow_1q1l26k</bpmn2:outgoing>\n      <bpmn2:script>log.info(\"Natasha: this is just for test, you can remove this later\")\ndef context = execution.getVariable(\"context\");\ndef localmarket = execution.getVariable(\"localmarket\");\ndef language = execution.getVariable(\"language\");\ndef domaincode = execution.getVariable(\"domaincode\");\nlog.info(\"just for test: \"+localmarket+language+domaincode)\n\ndef out_user_opco_id = execution.getVariable(\"out_user_opco_id\");\n\nlog.info(\"out_user_opco_id: ${out_user_opco_id}\")\nlog.info(\"localmarket: ${localmarket}\")\n\nif (localmarket == null)\n{\n    opcoId = out_user_opco_id;\n}\n\nelse if (localmarket != null)\n{\n    opcoId = localmarket;\n}\n//When moving to production on the 9th of nov , allow only 4,26,214,51\n\nif (opcoId == \"4\" || opcoId == \"26\" || opcoId == \"20\"  || opcoId == \"22\"  ){\n    execution.setVariable(\"marketFlag\", true);\n}\nelse{\n        // this is changed to True because dev has no integration\n        execution.setVariable(\"marketFlag\", true);\n        \n}\nexecution.setVariable(\"opcoId\", opcoId);</bpmn2:script>\n    </bpmn2:scriptTask>\n    <bpmn2:sequenceFlow id=\"SequenceFlow_04hfprs\" sourceRef=\"Task_02wxaue\" targetRef=\"Task_0u3ag3p\"/>\n    <bpmn2:scriptTask id=\"Task_02wxaue\" name=\"Start time of conversation&#xA;\" scriptFormat=\"javascript\">\n      <bpmn2:extensionElements>\n        <prop:property name=\"included_scripts\" value=\"\"/>\n      </bpmn2:extensionElements>\n      <bpmn2:incoming>SequenceFlow_0j6l4ju</bpmn2:incoming>\n      <bpmn2:outgoing>SequenceFlow_04hfprs</bpmn2:outgoing>\n      <bpmn2:script>log.info(\"Test: starting the main_module\")\nvar startDate = new Date();\nvar strStartDate = String(startDate);\nexecution.setVariable(\"startTime\",strStartDate);\nvar trstartTime = transientVariableService.addVariable(\"trstartTime\",strStartDate);</bpmn2:script>\n    </bpmn2:scriptTask>\n    <bpmn2:exclusiveGateway id=\"ExclusiveGateway_15pjwmh\" name=\"Check eligibility\" default=\"SequenceFlow_0t31nb2\">\n      <bpmn2:incoming>SequenceFlow_111lamp</bpmn2:incoming>\n      <bpmn2:outgoing>SequenceFlow_0et6s4s</bpmn2:outgoing>\n      <bpmn2:outgoing>SequenceFlow_15o6tsc</bpmn2:outgoing>\n      <bpmn2:outgoing>SequenceFlow_0t31nb2</bpmn2:outgoing>\n    </bpmn2:exclusiveGateway>\n    <bpmn2:userTask id=\"Task_134fgro\" name=\"say I'm sorry I can't support your HR query as I've not yet been trained for your local market. If you need HR support, please visit myHR page.\">\n      <bpmn2:incoming>SequenceFlow_0et6s4s</bpmn2:incoming>\n      <bpmn2:outgoing>SequenceFlow_0tmxxgj</bpmn2:outgoing>\n    </bpmn2:userTask>\n    <bpmn2:sequenceFlow id=\"SequenceFlow_0et6s4s\" name=\"check for Germans\" sourceRef=\"ExclusiveGateway_15pjwmh\" targetRef=\"Task_134fgro\">\n      <bpmn2:extensionElements>\n        <prop:property name=\"expression\" value=\"user1_market?(user1_market eq &quot;Germans&quot;):False \"/>\n      </bpmn2:extensionElements>\n    </bpmn2:sequenceFlow>\n    <bpmn2:userTask id=\"Task_04b315v\" name=\"close the conversation\">\n      <bpmn2:incoming>SequenceFlow_0tmxxgj</bpmn2:incoming>\n      <bpmn2:outgoing>SequenceFlow_1c14dlw</bpmn2:outgoing>\n    </bpmn2:userTask>\n    <bpmn2:sequenceFlow id=\"SequenceFlow_0tmxxgj\" sourceRef=\"Task_134fgro\" targetRef=\"Task_04b315v\"/>\n    <bpmn2:endEvent id=\"EndEvent_0axvitp\">\n      <bpmn2:incoming>SequenceFlow_1c14dlw</bpmn2:incoming>\n    </bpmn2:endEvent>\n    <bpmn2:sequenceFlow id=\"SequenceFlow_1c14dlw\" sourceRef=\"Task_04b315v\" targetRef=\"EndEvent_0axvitp\"/>\n    <bpmn2:sequenceFlow id=\"SequenceFlow_111lamp\" sourceRef=\"Task_1v8e2pa\" targetRef=\"ExclusiveGateway_15pjwmh\"/>\n    <bpmn2:sequenceFlow id=\"SequenceFlow_1q1l26k\" sourceRef=\"Task_0j6az1l\" targetRef=\"Task_1v8e2pa\"/>\n    <bpmn2:userTask id=\"Task_1kl60a0\" name=\"say I'm sorry I can't support your HR query as I've not yet been trained for your local market. If you need HR support, please visit myHR page.\">\n      <bpmn2:incoming>SequenceFlow_15o6tsc</bpmn2:incoming>\n      <bpmn2:outgoing>SequenceFlow_0ozbbxe</bpmn2:outgoing>\n    </bpmn2:userTask>\n    <bpmn2:sequenceFlow id=\"SequenceFlow_15o6tsc\" name=\"Check marketFlag\" sourceRef=\"ExclusiveGateway_15pjwmh\" targetRef=\"Task_1kl60a0\">\n      <bpmn2:extensionElements>\n        <prop:property name=\"expression\" value=\"marketFlag == false\"/>\n      </bpmn2:extensionElements>\n    </bpmn2:sequenceFlow>\n    <bpmn2:userTask id=\"Task_0jytajd\" name=\"close the conversation\">\n      <bpmn2:incoming>SequenceFlow_0ozbbxe</bpmn2:incoming>\n      <bpmn2:outgoing>SequenceFlow_0xpoy2l</bpmn2:outgoing>\n    </bpmn2:userTask>\n    <bpmn2:sequenceFlow id=\"SequenceFlow_0ozbbxe\" sourceRef=\"Task_1kl60a0\" targetRef=\"Task_0jytajd\"/>\n    <bpmn2:endEvent id=\"EndEvent_1y35drx\">\n      <bpmn2:incoming>SequenceFlow_0xpoy2l</bpmn2:incoming>\n    </bpmn2:endEvent>\n    <bpmn2:sequenceFlow id=\"SequenceFlow_0xpoy2l\" sourceRef=\"Task_0jytajd\" targetRef=\"EndEvent_1y35drx\"/>\n    <bpmn2:sequenceFlow id=\"SequenceFlow_0t31nb2\" sourceRef=\"ExclusiveGateway_15pjwmh\" targetRef=\"Task_1iwvphr\"/>\n  </bpmn2:process>\n  <bpmndi:BPMNDiagram id=\"BPMNDiagram_1\">\n    <bpmndi:BPMNPlane id=\"BPMNPlane_1\" bpmnElement=\"Process_1\">\n      <bpmndi:BPMNShape id=\"UserTask_1geluog_di\" bpmnElement=\"Task_0majpnw\">\n        <dc:Bounds x=\"139\" y=\"235\" width=\"120\" height=\"80\"/>\n      </bpmndi:BPMNShape>\n      <bpmndi:BPMNShape id=\"UserTask_1wnkgl0_di\" bpmnElement=\"Task_1059fw7\">\n        <dc:Bounds x=\"798\" y=\"134\" width=\"120\" height=\"80\"/>\n      </bpmndi:BPMNShape>\n      <bpmndi:BPMNShape id=\"EndEvent_1ihm4mw_di\" bpmnElement=\"EndEvent_1ihm4mw\">\n        <dc:Bounds x=\"1368\" y=\"267\" width=\"36\" height=\"36\"/>\n        <bpmndi:BPMNLabel>\n          <dc:Bounds x=\"1442\" y=\"307\" width=\"90\" height=\"12\"/>\n        </bpmndi:BPMNLabel>\n      </bpmndi:BPMNShape>\n      <bpmndi:BPMNShape id=\"ScriptTask_1om4kbb_di\" bpmnElement=\"Task_1iwvphr\">\n        <dc:Bounds x=\"-141\" y=\"235\" width=\"120\" height=\"80\"/>\n      </bpmndi:BPMNShape>\n      <bpmndi:BPMNShape id=\"ScriptTask_1x7s6se_di\" bpmnElement=\"Task_1xinmn9\">\n        <dc:Bounds x=\"2\" y=\"235\" width=\"120\" height=\"80\"/>\n      </bpmndi:BPMNShape>\n      <bpmndi:BPMNEdge id=\"SequenceFlow_1y3o4bk_di\" bpmnElement=\"SequenceFlow_1y3o4bk\">\n        <di:waypoint x=\"-21\" y=\"275\"/>\n        <di:waypoint x=\"2\" y=\"275\"/>\n        <bpmndi:BPMNLabel>\n          <dc:Bounds x=\"-51\" y=\"254\" width=\"90\" height=\"12\"/>\n        </bpmndi:BPMNLabel>\n      </bpmndi:BPMNEdge>\n      <bpmndi:BPMNShape id=\"ExclusiveGateway_0wceg75_di\" bpmnElement=\"ExclusiveGateway_0wceg75\" isMarkerVisible=\"true\">\n        <dc:Bounds x=\"603\" y=\"250\" width=\"50\" height=\"50\"/>\n        <bpmndi:BPMNLabel>\n          <dc:Bounds x=\"544\" y=\"225\" width=\"79\" height=\"14\"/>\n        </bpmndi:BPMNLabel>\n      </bpmndi:BPMNShape>\n      <bpmndi:BPMNEdge id=\"SequenceFlow_0me8lzb_di\" bpmnElement=\"SequenceFlow_0me8lzb\">\n        <di:waypoint x=\"628\" y=\"250\"/>\n        <di:waypoint x=\"628\" y=\"174\"/>\n        <di:waypoint x=\"798\" y=\"174\"/>\n        <bpmndi:BPMNLabel>\n          <dc:Bounds x=\"646\" y=\"145\" width=\"45\" height=\"14\"/>\n        </bpmndi:BPMNLabel>\n      </bpmndi:BPMNEdge>\n      <bpmndi:BPMNEdge id=\"SequenceFlow_0mq0y8d_di\" bpmnElement=\"SequenceFlow_0mq0y8d\">\n        <di:waypoint x=\"628\" y=\"300\"/>\n        <di:waypoint x=\"628\" y=\"381\"/>\n        <di:waypoint x=\"781\" y=\"381\"/>\n        <bpmndi:BPMNLabel>\n          <dc:Bounds x=\"620\" y=\"389\" width=\"62\" height=\"14\"/>\n        </bpmndi:BPMNLabel>\n      </bpmndi:BPMNEdge>\n      <bpmndi:BPMNShape id=\"UserTask_00mrjpy_di\" bpmnElement=\"Task_04lushd\">\n        <dc:Bounds x=\"781\" y=\"341\" width=\"120\" height=\"80\"/>\n      </bpmndi:BPMNShape>\n      <bpmndi:BPMNEdge id=\"SequenceFlow_0gj7zth_di\" bpmnElement=\"SequenceFlow_0gj7zth\">\n        <di:waypoint x=\"259\" y=\"275\"/>\n        <di:waypoint x=\"603\" y=\"275\"/>\n        <bpmndi:BPMNLabel>\n          <dc:Bounds x=\"280\" y=\"254\" width=\"90\" height=\"12\"/>\n        </bpmndi:BPMNLabel>\n      </bpmndi:BPMNEdge>\n      <bpmndi:BPMNEdge id=\"SequenceFlow_0xwy0nj_di\" bpmnElement=\"SequenceFlow_0xwy0nj\">\n        <di:waypoint x=\"122\" y=\"275\"/>\n        <di:waypoint x=\"139\" y=\"275\"/>\n        <bpmndi:BPMNLabel>\n          <dc:Bounds x=\"57\" y=\"188\" width=\"90\" height=\"12\"/>\n        </bpmndi:BPMNLabel>\n      </bpmndi:BPMNEdge>\n      <bpmndi:BPMNEdge id=\"SequenceFlow_1281grs_di\" bpmnElement=\"SequenceFlow_1281grs\">\n        <di:waypoint x=\"1323\" y=\"285\"/>\n        <di:waypoint x=\"1368\" y=\"285\"/>\n        <bpmndi:BPMNLabel>\n          <dc:Bounds x=\"1417\" y=\"279\" width=\"90\" height=\"12\"/>\n        </bpmndi:BPMNLabel>\n      </bpmndi:BPMNEdge>\n      <bpmndi:BPMNShape id=\"UserTask_0cxq2uw_di\" bpmnElement=\"Task_1gwhh74\">\n        <dc:Bounds x=\"1203\" y=\"245\" width=\"120\" height=\"80\"/>\n      </bpmndi:BPMNShape>\n      <bpmndi:BPMNShape id=\"StartEvent_1x70kgt_di\" bpmnElement=\"StartEvent_1x70kgt\">\n        <dc:Bounds x=\"-1077\" y=\"257\" width=\"36\" height=\"36\"/>\n        <bpmndi:BPMNLabel>\n          <dc:Bounds x=\"-1295\" y=\"297\" width=\"90\" height=\"12\"/>\n        </bpmndi:BPMNLabel>\n      </bpmndi:BPMNShape>\n      <bpmndi:BPMNEdge id=\"SequenceFlow_0j6l4ju_di\" bpmnElement=\"SequenceFlow_0j6l4ju\">\n        <di:waypoint x=\"-1041\" y=\"275\"/>\n        <di:waypoint x=\"-971\" y=\"275\"/>\n        <bpmndi:BPMNLabel>\n          <dc:Bounds x=\"-1226.5\" y=\"254\" width=\"90\" height=\"12\"/>\n        </bpmndi:BPMNLabel>\n      </bpmndi:BPMNEdge>\n      <bpmndi:BPMNEdge id=\"SequenceFlow_1ysgpvk_di\" bpmnElement=\"SequenceFlow_1ysgpvk\">\n        <di:waypoint x=\"901\" y=\"381\"/>\n        <di:waypoint x=\"1061\" y=\"381\"/>\n        <di:waypoint x=\"1061\" y=\"325\"/>\n        <bpmndi:BPMNLabel>\n          <dc:Bounds x=\"998\" y=\"360\" width=\"90\" height=\"12\"/>\n        </bpmndi:BPMNLabel>\n      </bpmndi:BPMNEdge>\n      <bpmndi:BPMNEdge id=\"SequenceFlow_18zdccx_di\" bpmnElement=\"SequenceFlow_18zdccx\">\n        <di:waypoint x=\"918\" y=\"174\"/>\n        <di:waypoint x=\"1061\" y=\"174\"/>\n        <di:waypoint x=\"1061\" y=\"245\"/>\n        <bpmndi:BPMNLabel>\n          <dc:Bounds x=\"993\" y=\"153\" width=\"90\" height=\"12\"/>\n        </bpmndi:BPMNLabel>\n      </bpmndi:BPMNEdge>\n      <bpmndi:BPMNShape id=\"UserTask_0uti7w9_di\" bpmnElement=\"Task_1v8e2pa\">\n        <dc:Bounds x=\"-382\" y=\"235\" width=\"120\" height=\"80\"/>\n      </bpmndi:BPMNShape>\n      <bpmndi:BPMNEdge id=\"SequenceFlow_0ts1mmw_di\" bpmnElement=\"SequenceFlow_0ts1mmw\">\n        <di:waypoint x=\"1121\" y=\"285\"/>\n        <di:waypoint x=\"1203\" y=\"285\"/>\n        <bpmndi:BPMNLabel>\n          <dc:Bounds x=\"1248\" y=\"264\" width=\"90\" height=\"12\"/>\n        </bpmndi:BPMNLabel>\n      </bpmndi:BPMNEdge>\n      <bpmndi:BPMNShape id=\"ScriptTask_15l79ek_di\" bpmnElement=\"Task_1grt4hq\">\n        <dc:Bounds x=\"1001\" y=\"245\" width=\"120\" height=\"80\"/>\n      </bpmndi:BPMNShape>\n      <bpmndi:BPMNEdge id=\"SequenceFlow_0qmqse9_di\" bpmnElement=\"SequenceFlow_0qmqse9\">\n        <di:waypoint x=\"-665\" y=\"275\"/>\n        <di:waypoint x=\"-601\" y=\"275\"/>\n        <bpmndi:BPMNLabel>\n          <dc:Bounds x=\"-745.5\" y=\"253.5\" width=\"90\" height=\"13\"/>\n        </bpmndi:BPMNLabel>\n      </bpmndi:BPMNEdge>\n      <bpmndi:BPMNShape id=\"ScriptTask_18550k2_di\" bpmnElement=\"Task_0u3ag3p\">\n        <dc:Bounds x=\"-785\" y=\"235\" width=\"120\" height=\"80\"/>\n      </bpmndi:BPMNShape>\n      <bpmndi:BPMNShape id=\"ScriptTask_1qt6aix_di\" bpmnElement=\"Task_0j6az1l\">\n        <dc:Bounds x=\"-601\" y=\"235\" width=\"120\" height=\"80\"/>\n      </bpmndi:BPMNShape>\n      <bpmndi:BPMNEdge id=\"SequenceFlow_04hfprs_di\" bpmnElement=\"SequenceFlow_04hfprs\">\n        <di:waypoint x=\"-851\" y=\"275\"/>\n        <di:waypoint x=\"-785\" y=\"275\"/>\n        <bpmndi:BPMNLabel>\n          <dc:Bounds x=\"-929.5\" y=\"253.5\" width=\"0\" height=\"13\"/>\n        </bpmndi:BPMNLabel>\n      </bpmndi:BPMNEdge>\n      <bpmndi:BPMNShape id=\"ScriptTask_1uqwda5_di\" bpmnElement=\"Task_02wxaue\">\n        <dc:Bounds x=\"-971\" y=\"235\" width=\"120\" height=\"80\"/>\n      </bpmndi:BPMNShape>\n      <bpmndi:BPMNShape id=\"ExclusiveGateway_15pjwmh_di\" bpmnElement=\"ExclusiveGateway_15pjwmh\" isMarkerVisible=\"true\">\n        <dc:Bounds x=\"-224\" y=\"250\" width=\"50\" height=\"50\"/>\n        <bpmndi:BPMNLabel>\n          <dc:Bounds x=\"-236\" y=\"304\" width=\"73\" height=\"14\"/>\n        </bpmndi:BPMNLabel>\n      </bpmndi:BPMNShape>\n      <bpmndi:BPMNShape id=\"UserTask_1mwx1cu_di\" bpmnElement=\"Task_134fgro\">\n        <dc:Bounds x=\"-259\" y=\"3\" width=\"120\" height=\"80\"/>\n      </bpmndi:BPMNShape>\n      <bpmndi:BPMNEdge id=\"SequenceFlow_0et6s4s_di\" bpmnElement=\"SequenceFlow_0et6s4s\">\n        <di:waypoint x=\"-200\" y=\"251\"/>\n        <di:waypoint x=\"-198\" y=\"83\"/>\n        <bpmndi:BPMNLabel>\n          <dc:Bounds x=\"-261\" y=\"132\" width=\"47\" height=\"27\"/>\n        </bpmndi:BPMNLabel>\n      </bpmndi:BPMNEdge>\n      <bpmndi:BPMNShape id=\"UserTask_0yefzlk_di\" bpmnElement=\"Task_04b315v\">\n        <dc:Bounds x=\"-99\" y=\"3\" width=\"120\" height=\"80\"/>\n      </bpmndi:BPMNShape>\n      <bpmndi:BPMNEdge id=\"SequenceFlow_0tmxxgj_di\" bpmnElement=\"SequenceFlow_0tmxxgj\">\n        <di:waypoint x=\"-139\" y=\"43\"/>\n        <di:waypoint x=\"-99\" y=\"43\"/>\n      </bpmndi:BPMNEdge>\n      <bpmndi:BPMNShape id=\"EndEvent_0axvitp_di\" bpmnElement=\"EndEvent_0axvitp\">\n        <dc:Bounds x=\"35\" y=\"25\" width=\"36\" height=\"36\"/>\n      </bpmndi:BPMNShape>\n      <bpmndi:BPMNEdge id=\"SequenceFlow_1c14dlw_di\" bpmnElement=\"SequenceFlow_1c14dlw\">\n        <di:waypoint x=\"21\" y=\"43\"/>\n        <di:waypoint x=\"35\" y=\"43\"/>\n      </bpmndi:BPMNEdge>\n      <bpmndi:BPMNEdge id=\"SequenceFlow_111lamp_di\" bpmnElement=\"SequenceFlow_111lamp\">\n        <di:waypoint x=\"-262\" y=\"275\"/>\n        <di:waypoint x=\"-224\" y=\"275\"/>\n      </bpmndi:BPMNEdge>\n      <bpmndi:BPMNEdge id=\"SequenceFlow_1q1l26k_di\" bpmnElement=\"SequenceFlow_1q1l26k\">\n        <di:waypoint x=\"-481\" y=\"275\"/>\n        <di:waypoint x=\"-382\" y=\"275\"/>\n      </bpmndi:BPMNEdge>\n      <bpmndi:BPMNShape id=\"UserTask_1auuyos_di\" bpmnElement=\"Task_1kl60a0\">\n        <dc:Bounds x=\"-155\" y=\"404\" width=\"120\" height=\"80\"/>\n      </bpmndi:BPMNShape>\n      <bpmndi:BPMNEdge id=\"SequenceFlow_15o6tsc_di\" bpmnElement=\"SequenceFlow_15o6tsc\">\n        <di:waypoint x=\"-199\" y=\"300\"/>\n        <di:waypoint x=\"-199\" y=\"444\"/>\n        <di:waypoint x=\"-155\" y=\"444\"/>\n        <bpmndi:BPMNLabel>\n          <dc:Bounds x=\"-289\" y=\"366\" width=\"90\" height=\"14\"/>\n        </bpmndi:BPMNLabel>\n      </bpmndi:BPMNEdge>\n      <bpmndi:BPMNShape id=\"UserTask_0nn4xjm_di\" bpmnElement=\"Task_0jytajd\">\n        <dc:Bounds x=\"-7\" y=\"404\" width=\"120\" height=\"80\"/>\n      </bpmndi:BPMNShape>\n      <bpmndi:BPMNEdge id=\"SequenceFlow_0ozbbxe_di\" bpmnElement=\"SequenceFlow_0ozbbxe\">\n        <di:waypoint x=\"-35\" y=\"444\"/>\n        <di:waypoint x=\"-7\" y=\"444\"/>\n      </bpmndi:BPMNEdge>\n      <bpmndi:BPMNShape id=\"EndEvent_1y35drx_di\" bpmnElement=\"EndEvent_1y35drx\">\n        <dc:Bounds x=\"134\" y=\"426\" width=\"36\" height=\"36\"/>\n      </bpmndi:BPMNShape>\n      <bpmndi:BPMNEdge id=\"SequenceFlow_0xpoy2l_di\" bpmnElement=\"SequenceFlow_0xpoy2l\">\n        <di:waypoint x=\"113\" y=\"444\"/>\n        <di:waypoint x=\"134\" y=\"444\"/>\n      </bpmndi:BPMNEdge>\n      <bpmndi:BPMNEdge id=\"SequenceFlow_0t31nb2_di\" bpmnElement=\"SequenceFlow_0t31nb2\">\n        <di:waypoint x=\"-174\" y=\"275\"/>\n        <di:waypoint x=\"-141\" y=\"275\"/>\n      </bpmndi:BPMNEdge>\n    </bpmndi:BPMNPlane>\n  </bpmndi:BPMNDiagram>\n</bpmn2:definitions>",
  "domainId": "a1648d8e-ea35-4702-ab73-23f0226497cb",
  "status": "DEPLOYED"
}