opcoId,market,escQueue,dlMail,hrUrl
9,VGSL,HR_VGSL,AskHRGroupUK@vodafone.com,https://hub.vodafone.com/market/group/myhr/pages/home_1033_9.aspx
22,UK,HR_UK,AskHRUK@vodafone.com,https://hub.vodafone.com/market/uk/myhr/pages/home_1033.aspx
4,Egypt,HR_EG,Ask.HR@vodafone.com,https://hub.vodafone.com/market/egypt/myhr/pages/home_1033.aspx
26,Egypt,HR_EG,Ask.HR@vodafone.com,https://hub.vodafone.com/market/egypt/myhr/pages/home_1033.aspx
114,Egypt,HR_EG,Ask.HR@vodafone.com,https://hub.vodafone.com/market/egypt/myhr/pages/home_1033.aspx
214,Egypt,HR_EG,Ask.HR@vodafone.com,https://hub.vodafone.com/market/egypt/myhr/pages/home_1033.aspx
49,SouthAfrica,HR_ZA,AskHR@vodacom.co.za,https://hub.vodafone.com/market/za/myhr/pages/home_1033.aspx
51,VSSI,HR_VSSI,askhr.vispl@vodafone.com,https://hub.vodafone.com/market/group/myhr/Pages/Home_1033_51.aspx
2,Germans,TBD,TBD,TBD
10,Germans,TBD,TBD,TBD
47,VFGhana,HR_GA,TBD,TBD
20,VFSpain,HR_ES,TBD,https://hub.vodafone.com/market/spain/myhr
