{
  "id": "3fb76c9e-68bb-4152-ab0c-fc0b5f4c224e",
  "domainId": "a1648d8e-ea35-4702-ab73-23f0226497cb",
  "name": "BPN_placeholder",
  "type": "FOLDER",
  "children": [
    {
      "id": "ba2e9445-f468-486e-85a4-a25ba39cc8c2",
      "parentPathId": "3fb76c9e-68bb-4152-ab0c-fc0b5f4c224e",
      "domainId": "a1648d8e-ea35-4702-ab73-23f0226497cb",
      "name": "if_smtp_email_send",
      "type": "MODEL",
      "children": []
    },
    {
      "id": "db56974e-dabe-4b85-bad8-0c44c84cec37",
      "parentPathId": "3fb76c9e-68bb-4152-ab0c-fc0b5f4c224e",
      "domainId": "a1648d8e-ea35-4702-ab73-23f0226497cb",
      "name": "pre_closure_send_mail",
      "type": "MODEL",
      "children": []
    }
  ]
}