{
  "id": "77b7de22-7166-4503-b571-5c23e2af3299",
  "domainId": "a1648d8e-ea35-4702-ab73-23f0226497cb",
  "name": "HR",
  "type": "FOLDER",
  "children": [
    {
      "id": "0ac21b16-2b22-4bb5-9b42-c58d6f68478e",
      "parentPathId": "77b7de22-7166-4503-b571-5c23e2af3299",
      "domainId": "a1648d8e-ea35-4702-ab73-23f0226497cb",
      "name": "available_agent_module",
      "type": "MODEL",
      "children": []
    },
    {
      "id": "c556bb3f-df6a-4801-918a-61ee952f9dfd",
      "parentPathId": "77b7de22-7166-4503-b571-5c23e2af3299",
      "domainId": "a1648d8e-ea35-4702-ab73-23f0226497cb",
      "name": "main_module",
      "type": "MODEL",
      "children": []
    },
    {
      "id": "14d688ba-203b-4ea4-98d7-e306e09ab5e3",
      "parentPathId": "77b7de22-7166-4503-b571-5c23e2af3299",
      "domainId": "a1648d8e-ea35-4702-ab73-23f0226497cb",
      "name": "metadata",
      "type": "MODEL",
      "children": []
    },
    {
      "id": "d808e99e-f9ad-41f0-9ad1-5b704f872b31",
      "parentPathId": "77b7de22-7166-4503-b571-5c23e2af3299",
      "domainId": "a1648d8e-ea35-4702-ab73-23f0226497cb",
      "name": "metadata_image",
      "type": "MODEL",
      "children": []
    },
    {
      "id": "41cc0142-0a4d-4fab-a4ff-95dbb213692c",
      "parentPathId": "77b7de22-7166-4503-b571-5c23e2af3299",
      "domainId": "a1648d8e-ea35-4702-ab73-23f0226497cb",
      "name": "newtest",
      "type": "MODEL",
      "children": []
    },
    {
      "id": "6281413b-812d-434b-82e2-f5bacbc6cfac",
      "parentPathId": "77b7de22-7166-4503-b571-5c23e2af3299",
      "domainId": "a1648d8e-ea35-4702-ab73-23f0226497cb",
      "name": "pre_escalation_bpn_hr",
      "type": "MODEL",
      "children": []
    },
    {
      "id": "5344e9f6-5ee1-4e87-8b16-833a7f3352e7",
      "parentPathId": "77b7de22-7166-4503-b571-5c23e2af3299",
      "domainId": "a1648d8e-ea35-4702-ab73-23f0226497cb",
      "name": "test_esc",
      "type": "MODEL",
      "children": []
    },
    {
      "id": "2e13e272-b0cd-454e-aa8b-25474ffe7712",
      "parentPathId": "77b7de22-7166-4503-b571-5c23e2af3299",
      "domainId": "a1648d8e-ea35-4702-ab73-23f0226497cb",
      "name": "unavailable_agent_module",
      "type": "MODEL",
      "children": []
    },
    {
      "id": "fccebe2b-625a-4012-82f5-68b8a1c9dc36",
      "parentPathId": "77b7de22-7166-4503-b571-5c23e2af3299",
      "domainId": "a1648d8e-ea35-4702-ab73-23f0226497cb",
      "name": "userdata",
      "type": "MODEL",
      "children": []
    }
  ]
}