<?xml version="1.0" encoding="UTF-8"?>
<beans xmlns="http://www.springframework.org/schema/beans" xmlns:xsi="http://www.w3.org/2001/XMLSchema-instance" xmlns:camel="http://camel.apache.org/schema/spring" xsi:schemaLocation="http://www.springframework.org/schema/beans
          http://www.springframework.org/schema/beans/spring-beans-4.2.xsd
          http://camel.apache.org/schema/spring
          http://camel.apache.org/schema/spring/camel-spring.xsd
">
    <camel:camelContext id="smtpMainContext">
        <camel:onException id="c-e3e3f801-9f19-4de8-a5ee-db23f11a7ea8">
            <camel:description layoutX="10" layoutY="-140" layoutWidth="120" layoutHeight="120"/>
            <camel:exception>java.lang.Exception</camel:exception>
            <camel:handled>
                <camel:simple id="c-3f7754cf-bae5-41b4-8ced-57466a0f7ce4">$simple{property.CamelExceptionCaught?.getMessage()}</camel:simple>
            </camel:handled>
            <camel:log message="ConvID - ${exchangeProperty.in_convID}:${exchangeProperty.in_bpnName} Error - $simple{property.CamelExceptionCaught?.getMessage()}" id="c-a53fbf46-e314-44d4-84e9-cb8c8d6b701a">
                <camel:description layoutX="20" layoutY="20" layoutWidth="120" layoutHeight="120"/>
            </camel:log>
            <camel:setProperty propertyName="out_response" id="c-fc11d4be-32c3-48fd-9433-f728cd5a273e">
                <camel:description layoutX="150" layoutY="20" layoutWidth="120" layoutHeight="120"/>
                <camel:simple id="c-7e079ead-4f82-429f-9625-f05d25a171ca">$simple{property.CamelExceptionCaught?.getMessage()}</camel:simple>
            </camel:setProperty>
            <camel:to uri="bean:varpop?method=moveToOutboundVariables(&apos;out_response&apos;)" id="c-598b8163-88d0-48df-9d74-03ffc128e8cd">
                <camel:description layoutX="280" layoutY="20" layoutWidth="120" layoutHeight="120"/>
            </camel:to>
        </camel:onException>
        <camel:route id="smtpRoute">
            <camel:description layoutX="10" layoutY="-20" layoutWidth="970" layoutHeight="700"/>
            <camel:from id="mainRouteStart" uri="direct:start">
                <camel:description layoutX="10" layoutY="40" layoutWidth="120" layoutHeight="120"/>
            </camel:from>
            <camel:log logName="Integration Flow Started:" message="ConvID - ${exchangeProperty.in_convID}:${exchangeProperty.in_bpnName}" id="c-0d49abf5-5775-4fa6-a34f-3a5568a16573" loggingLevel="INFO">
                <camel:description layoutX="130" layoutY="40" layoutWidth="120" layoutHeight="120"/>
            </camel:log>
            <camel:setProperty propertyName="emailbody" id="c-69c05b00-86d8-4797-89d1-ffce669ee106">
                <camel:description layoutX="260" layoutY="40" layoutWidth="120" layoutHeight="120"/>
                <camel:simple id="c-f3a96db9-fb97-486f-94e2-3474701a8535"><![CDATA[${exchangeProperty.in_email_body}]]></camel:simple>
            </camel:setProperty>
            <camel:setProperty propertyName="emailFrom" id="c-b4d8bde7-2ee6-49e4-afb3-6c0d3a8e8677">
                <camel:description layoutX="390" layoutY="40" layoutWidth="120" layoutHeight="120"/>
                <camel:simple id="c-8a649813-a5c1-4ecf-9b6f-f2a2cf793388"><![CDATA[{{emailFrom}}]]></camel:simple>
            </camel:setProperty>
            <camel:setProperty propertyName="emailSubject" id="c-33e9ddf6-3dc2-49f2-ba2f-8cc5e84996f7">
                <camel:description layoutX="520" layoutY="40" layoutWidth="120" layoutHeight="120"/>
                <camel:simple id="c-7bc36d58-d4a8-4a6d-877c-f278d51403ef"><![CDATA[${exchangeProperty.in_email_subject}]]></camel:simple>
            </camel:setProperty>
            <camel:setProperty propertyName="SMTPServer" id="c-4c31909c-3f15-44cc-82b4-10898ee4cae4">
                <camel:description layoutX="650" layoutY="40" layoutWidth="120" layoutHeight="120"/>
                <camel:simple id="c-b5d9b371-5d80-4861-803c-cedd724dddfb"><![CDATA[{{SMTPServer}}]]></camel:simple>
            </camel:setProperty>
            <camel:setProperty propertyName="emailTo" id="c-baa731dd-b826-4c70-b939-1c7a9ed315fb">
                <camel:description layoutX="10" layoutY="180" layoutWidth="120" layoutHeight="120"/>
                <camel:simple id="c-a0fcf002-5063-46ba-9697-432c9babf7d8"><![CDATA[${exchangeProperty.in_email_address}]]></camel:simple>
            </camel:setProperty>
            <camel:setProperty propertyName="SMTPPort" id="c-17557cf4-da52-4296-96d6-0e9e88bb25e3">
                <camel:description layoutX="130" layoutY="180" layoutWidth="120" layoutHeight="120"/>
                <camel:simple id="c-a44efaaa-84bd-4730-8701-f4e346667379"><![CDATA[{{SMTPPort}}]]></camel:simple>
            </camel:setProperty>
            <camel:setBody id="c-21571f86-ce70-42bc-a7c2-bc8464b5e363">
                <camel:description layoutX="260" layoutY="320" layoutWidth="120" layoutHeight="120"/>
                <camel:simple id="c-a2c0c1b0-e8d8-497d-805d-8bc76213ce1f">${exchangeProperty.emailbody}</camel:simple>
            </camel:setBody>
            <camel:recipientList id="c-12e8bc8d-e6d6-4bc8-898c-a5454f4529c7">
                <camel:description layoutX="390" layoutY="320" layoutWidth="120" layoutHeight="120"/>
                <camel:simple id="c-72c65604-e4f5-448b-84c2-4230144a35dc"> smtp://${exchangeProperty.SMTPServer}:${exchangeProperty.SMTPPort}?to=${exchangeProperty.emailTo}&amp;from=${exchangeProperty.emailFrom}&amp;contentType=text/html&amp;subject=${exchangeProperty.emailSubject}
            </camel:simple>
            </camel:recipientList>
            <camel:log message="ConvID - ${exchangeProperty.in_convID}:${exchangeProperty.in_bpnName} Integration FLow completed" id="c-502727b0-f0ae-4a2e-8612-9e17c135df1a" loggingLevel="INFO">
                <camel:description layoutX="520" layoutY="320" layoutWidth="120" layoutHeight="120"/>
            </camel:log>
            <camel:setProperty propertyName="out_response" id="c-96acdcf5-ea08-4f1f-865c-4833890bdc54">
                <camel:description layoutX="650" layoutY="320" layoutWidth="120" layoutHeight="120"/>
                <camel:simple id="c-9aa45e55-1233-40ef-82a1-45130974dd24"><![CDATA[none]]></camel:simple>
            </camel:setProperty>
            <camel:to uri="bean:varpop?method=moveToOutboundVariables(&apos;out_response&apos;)" id="c-598b8163-88d0-48df-9d74-03ffc128e8cd">
                <camel:description layoutX="20" layoutY="440" layoutWidth="120" layoutHeight="120"/>
            </camel:to>
        </camel:route>
    </camel:camelContext>
</beans>