{
	"objects": [
		{
			"application": "Local|Music IMS",
			"name": "${musicImsReleaseVersion}",
			"kind": "ApplicationVersion"
		},
		{
			"application": "Local|Music Backend",
			"dependentApplicationVersions": [
				"Local|Music IMS/${musicImsReleaseVersion}"
			],
			"name": "${musicBackendAppVersion}",
			"kind": "ApplicationVersion"
		},
		{
			"application": "Local|Music UI",
			"dependentApplicationVersions": [
				"Local|Music IMS/${musicImsReleaseVersion}"
			],
			"name": "${musicUiAppVersion}",
			"kind": "ApplicationVersion"
		},
		{
			"applicationVersions": [
				"Local|Music IMS/${musicImsReleaseVersion}",
				"Local|Music Backend/${musicBackendAppVersion}",
				"Local|Music UI/${musicUiAppVersion}"
			],
			"ownerParties": [
				"ashlomitest@gmail.com",
				"mi.hagamad.sheli@gmail.com"
			],
			"memberParties": [
				"ashlomitest@gmail.com",
				"Music Team"
			],
			"runOnCreation": false,
			"version": "${NewReleaseVersion}",
			"name": "${NewReleaseName}",
			"kind": "Release"
		},
		{
			"release": "${NewReleaseName}/${NewReleaseVersion}",
			"releaseTokenTemplate": "NewMachineIP",
			"scope": "PHASE_SCOPE",
			"value": "",
			"kind": "ReleaseToken"
		},
		{
			"release": "${NewReleaseName}/${NewReleaseVersion}",
			"releaseTokenTemplate": "Release-Token-1",
			"scope": "PHASE_SCOPE",
			"value": "",
			"kind": "ReleaseToken"
		},
		{
			"release": "${NewReleaseName}/${NewReleaseVersion}",
			"scope": "PHASE_SCOPE",
			"value": "",
			"name": "ID-Num-Token",
			"kind": "ReleaseToken"
		},
		{
			"release": "${NewReleaseName}/${NewReleaseVersion}",
			"scope": "PHASE_SCOPE",
			"value": "",
			"name": "jiraIssueKey",
			"kind": "ReleaseToken"
		},
		{
			"release": "${NewReleaseName}/${NewReleaseVersion}",
			"environments": [
				"Test"
			],
			"ownerParties": [
				"ashlomitest@gmail.com"
			],
			"approvalGate": "MANUAL",
			"skipTasksWithUnchangedApplications": false,
			"isApprovalRequired": false,
			"name": "Test",
			"kind": "Phase"
		},
		{
			"release": "${NewReleaseName}/${NewReleaseVersion}",
			"environments": [
				"UAT"
			],
			"previousPhase": "Test",
			"ownerParties": [
				"ashlomitest@gmail.com"
			],
			"approvalGate": "MANUAL",
			"skipTasksWithUnchangedApplications": false,
			"isApprovalRequired": false,
			"name": "UAT-1",
			"kind": "Phase"
		},
		{
			"release": "${NewReleaseName}/${NewReleaseVersion}",
			"environments": [
				"Production"
			],
			"previousPhase": "UAT-1",
			"approvalGate": "MANUAL",
			"skipTasksWithUnchangedApplications": false,
			"isApprovalRequired": false,
			"name": "Production",
			"kind": "Phase"
		},
		{
			"isDisabled": false,
			"phase": "${NewReleaseName}/${NewReleaseVersion}/Test",
			"name": "Open Ticket Jira",
			"kind": "Task",
			"endpoint": "Music - Jira",
			"plugin": "Jira/1.2.3",
			"parameters": {
				"issueType": "Story",
				"summary": "This is a test",
				"projectKey": "AP",
				"issueKey": "%jiraIssueKey%",
				"advanced": "false"
			},
			"type": "Create JIRA Issue"
		},
		{
			"previousTasks": [
				"Open Ticket Jira"
			],
			"isDisabled": false,
			"phase": "${NewReleaseName}/${NewReleaseVersion}/Test",
			"name": "SNOW open change",
			"kind": "Task",
			"endpoint": "Music - ServiceNow-ven01720",
			"plugin": "ServiceNow/2.2",
			"parameters": {
				"shortDescription": "This is a test"
			},
			"type": "Create Change Request"
		},
		{
			"previousTasks": [
				"SNOW open change"
			],
			"isDisabled": false,
			"phase": "${NewReleaseName}/${NewReleaseVersion}/Test",
			"applicationVersions": [
				"Local|Music Backend/${musicBackendAppVersion}"
			],
			"name": "Deploy Backend",
			"kind": "Task",
			"endpoint": "General REST",
			"plugin": "REST/2.4",
			"parameters": {
				"method": "GET",
				"statusCheck": "false"
			},
			"type": "REST"
		},
		{
			"previousTasks": [
				"Deploy Backend"
			],
			"isDisabled": false,
			"phase": "${NewReleaseName}/${NewReleaseVersion}/Test",
			"applicationVersions": [
				"Local|Music UI/${musicUiAppVersion}"
			],
			"name": "Deploy UI",
			"kind": "Task",
			"endpoint": "General REST",
			"plugin": "REST/2.4",
			"parameters": {
				"method": "GET",
				"statusCheck": "false",
				"url": ""
			},
			"type": "REST"
		},
		{
			"previousTasks": [
				"Deploy UI"
			],
			"isDisabled": false,
			"phase": "${NewReleaseName}/${NewReleaseVersion}/Test",
			"applicationVersions": [
				"Local|Music IMS/${musicImsReleaseVersion}"
			],
			"name": "Deploy IMS",
			"kind": "Task",
			"endpoint": "General REST",
			"plugin": "REST/2.4",
			"parameters": {
				"method": "GET",
				"statusCheck": "false",
				"url": ""
			},
			"type": "REST"
		},
		{
			"previousTasks": [
				"Deploy IMS"
			],
			"isDisabled": false,
			"phase": "${NewReleaseName}/${NewReleaseVersion}/Test",
			"applicationVersions": [
				"Local|Music IMS/${musicImsReleaseVersion}",
				"Local|Music Backend/${musicBackendAppVersion}",
				"Local|Music UI/${musicUiAppVersion}"
			],
			"name": "Update Jira Ticket",
			"kind": "Task",
			"endpoint": "Music - Jira",
			"plugin": "Jira/1.2.3",
			"parameters": {
				"issueId": "%jiraIssueKey%",
				"transition": "Closed"
			},
			"type": "Update JIRA Issue Status"
		},
		{
			"isDisabled": false,
			"phase": "${NewReleaseName}/${NewReleaseVersion}/UAT-1",
			"name": "Open Ticket Jira",
			"kind": "Task",
			"endpoint": "Music - Jira",
			"plugin": "Jira/1.2.3",
			"parameters": {
				"issueType": "Story",
				"summary": "This is a test",
				"projectKey": "AP",
				"advanced": "false"
			},
			"type": "Create JIRA Issue"
		},
		{
			"previousTasks": [
				"Open Ticket Jira"
			],
			"isDisabled": false,
			"phase": "${NewReleaseName}/${NewReleaseVersion}/UAT-1",
			"name": "SNOW open change",
			"kind": "Task",
			"endpoint": "Music - ServiceNow-ven01720",
			"plugin": "ServiceNow/2.2",
			"parameters": {
				"shortDescription": "This is a test"
			},
			"type": "Create Change Request"
		}, 
		{
			"previousTasks": [
				"SNOW open change"
			],
			"isDisabled": false,
			"phase": "${NewReleaseName}/${NewReleaseVersion}/UAT-1",
			"applicationVersions": [
				"Local|Music Backend/${musicBackendAppVersion}"
			],
			"name": "Deploy Backend",
			"kind": "Task",
			"endpoint": "General REST",
			"plugin": "REST/2.4",
			"parameters": {
				"method": "GET",
				"statusCheck": "false"
			},
			"type": "REST"
		},
		{
			"previousTasks": [
				"Deploy Backend"
			],
			"isDisabled": false,
			"phase": "${NewReleaseName}/${NewReleaseVersion}/UAT-1",
			"applicationVersions": [
				"Local|Music UI/${musicUiAppVersion}"
			],
			"name": "Deploy UI",
			"kind": "Task",
			"endpoint": "General REST",
			"plugin": "REST/2.4",
			"parameters": {
				"method": "GET",
				"statusCheck": "false",
				"url": ""
			},
			"type": "REST"
		},
		{
			"previousTasks": [
				"Deploy UI"
			],
			"isDisabled": false,
			"phase": "${NewReleaseName}/${NewReleaseVersion}/UAT-1",
			"applicationVersions": [
				"Local|Music IMS/${musicImsReleaseVersion}"
			],
			"name": "Deploy IMS",
			"kind": "Task",
			"endpoint": "General REST",
			"plugin": "REST/2.4",
			"parameters": {
				"method": "GET",
				"statusCheck": "false",
				"url": ""
			},
			"type": "REST"
		},
		{
			"previousTasks": [
				"Deploy IMS"
			],
			"isDisabled": false,
			"phase": "${NewReleaseName}/${NewReleaseVersion}/UAT-1",
			"name": "Jira",
			"kind": "Task",
			"endpoint": "Music - Jira",
			"plugin": "Jira/1.2.3",
			"parameters": {
				"issueType": "Story",
				"summary": "This is a test story",
				"projectKey": "AP",
				"advanced": "false"
			},
			"type": "Create JIRA Issue"
		},
		{
			"isDisabled": false,
			"phase": "${NewReleaseName}/${NewReleaseVersion}/Production",
			"name": "Deploy Web App",
			"kind": "Task"
		},
		{
			"previousTasks": [
				"Deploy Web App"
			],
			"isDisabled": false,
			"phase": "${NewReleaseName}/${NewReleaseVersion}/Production",
			"name": "Deploy Reports App",
			"kind": "Task"
		},
		{
			"previousTasks": [
				"Deploy Reports App"
			],
			"isDisabled": false,
			"phase": "${NewReleaseName}/${NewReleaseVersion}/Production",
			"name": "Run Tests",
			"kind": "Task"
		},
		{
			"previousTasks": [
				"Run Tests"
			],
			"isDisabled": false,
			"phase": "${NewReleaseName}/${NewReleaseVersion}/Production",
			"name": "Deploy by REST",
			"kind": "Task",
			"endpoint": "Music- REST Deploy Prod",
			"plugin": "REST/2.4",
			"parameters": {
				"method": "GET",
				"statusCheck": "false"
			},
			"type": "REST"
		}
	]
}