{

	"objects": [
		{
			"application": "Local|AA-Web Banking",
			"name": "${WebBankingAppVersion}",
			"kind": "ApplicationVersion"
		},
		{
			"application": "Local|AA-Mobile Banking",
			"name": "${MobileBankingAppVersion}",
			"kind": "ApplicationVersion"
		},
		{
			"applicationVersion": "Local|AA-Mobile Banking/${MobileBankingAppVersion}",
			"name": "Mobile Changes (copy)",
			"kind": "ContentSource",
			"endpoint": "CA Test Workspace shlas01",
			"plugin": "Rally Platform/2.2",
			"type": "Add Content",
			"parameters": {
				"release": "AB-FY19Q2-Digital",
				"project": "TradingAppCD",
				"user_story_status": "Defined",
				"type": "User Story",
				"tags": "mobile"
			}
		},
		{
			"ownerParties": [
				"one@acme.com"
			],
			"memberParties": [
				"Alan-Dev-Team"
			],
			"applicationVersions": [
				"Local|AA-Web Banking/${WebBankingAppVersion}",
				"Local|AA-Mobile Banking/${MobileBankingAppVersion}"
			],
			"runOnCreation": false,
			"version": "${ReleaseVersion}",
			"name": "${ReleaseName}",
			"kind": "Release"
		},
		{
			"release": "${ReleaseName}/${ReleaseVersion}",
			"scope": "PHASE_SCOPE",
			"value": "this-is-sample-file-name.txt",
			"name": "Filename",
			"kind": "ReleaseToken"
		},
		{
			"release": "${ReleaseName}/${ReleaseVersion}",
			"scope": "RELEASE_SCOPE",
			"value": "5361",
			"name": "MobileDeployJobID",
			"kind": "ReleaseToken"
		},
		{
			"release": "${ReleaseName}/${ReleaseVersion}",
			"scope": "PHASE_SCOPE",
			"value": "",
			"name": "MobileSnowChangeId",
			"kind": "ReleaseToken"
		},
		{
			"release": "${ReleaseName}/${ReleaseVersion}",
			"scope": "RELEASE_SCOPE",
			"value": "OK",
			"name": "MovileScanQualityGate",
			"kind": "ReleaseToken"
		},
		{
			"release": "${ReleaseName}/${ReleaseVersion}",
			"scope": "PHASE_SCOPE",
			"value": "",
			"name": "WebDeployJobID",
			"kind": "ReleaseToken"
		},
		{
			"release": "${ReleaseName}/${ReleaseVersion}",
			"scope": "RELEASE_SCOPE",
			"value": "OK",
			"name": "WebScanQualityGate",
			"kind": "ReleaseToken"
		},
		{
			"release": "${ReleaseName}/${ReleaseVersion}",
			"scope": "PHASE_SCOPE",
			"value": "",
			"name": "WebSnowChangeId",
			"kind": "ReleaseToken"
		},
		{
			"release": "${ReleaseName}/${ReleaseVersion}",
			"environments": [
				"Test"
			],
			"approvalGate": "AUTOMATIC",
			"ownerParties": [
				"Alan-Dev-Team"
			],
			"skipTasksWithUnchangedApplications": true,
			"isApprovalRequired": true,
			"name": "Test",
			"kind": "Phase"
		},
		{
			"release": "${ReleaseName}/${ReleaseVersion}",
			"environments": [
				"QA"
			],
			"approvalGate": "MANUAL",
			"previousPhase": "Test",
			"skipTasksWithUnchangedApplications": true,
			"isApprovalRequired": false,
			"name": "QA",
			"kind": "Phase"
		},
		{
			"release": "${ReleaseName}/${ReleaseVersion}",
			"environments": [
				"Production"
			],
			"approvalGate": "MANUAL",
			"previousPhase": "QA",
			"skipTasksWithUnchangedApplications": true,
			"isApprovalRequired": true,
			"name": "Production",
			"kind": "Phase"
		},
		{
			"phase": "${ReleaseName}/${ReleaseVersion}/Test",
			"isDisabled": false,
			"name": "Create Jira Issue",
			"kind": "Task",
			"endpoint": "Jira",
			"plugin": "Jira/1.2.1",
			"type": "Create JIRA Issue",
			"parameters": {
				"issueType": "Change Request",
				"summary": "Create by Assaf 10/19 05:40",
				"projectKey": "TREL",
				"advanced": "true",
				"customFields": "{\"custom_1006\": \"NAC-153\"}"
			}
		},
		{
			"phase": "${ReleaseName}/${ReleaseVersion}/Test",
			"previousTasks": [
				"Create Jira Issue"
			],
			"isDisabled": false,
			"name": "stop",
			"kind": "Task"
		},
		{
			"phase": "${ReleaseName}/${ReleaseVersion}/Test",
			"applicationVersions": [
				"Local|AA-Web Banking/${WebBankingAppVersion}"
			],
			"previousTasks": [
				"stop"
			],
			"isDisabled": false,
			"name": "Verify WEB Security Scans Status",
			"kind": "Task",
			"endpoint": "Sonar-AS",
			"plugin": "SonarQube/1.0",
			"type": "Check Project Status",
			"parameters": {
				"qualityGate": "%WebScanQualityGate%",
				"projectKey": "com.github.damianwajser:spring-rest-commons-options",
				"failOnWarning": "false"
			}
		},
		{
			"phase": "${ReleaseName}/${ReleaseVersion}/Test",
			"applicationVersions": [
				"Local|AA-Mobile Banking/${MobileBankingAppVersion}"
			],
			"previousTasks": [
				"Verify WEB Security Scans Status"
			],
			"isDisabled": false,
			"name": "Verify Mobile  Security Scans Status - Copy",
			"kind": "Task",
			"endpoint": "Sonar-AS",
			"plugin": "SonarQube/1.0",
			"type": "Check Project Status",
			"parameters": {
				"qualityGate": "%MovileScanQualityGate%",
				"projectKey": "com:github:damianwajser:spring-rest-commons-options",
				"failOnWarning": "false"
			}
		},
		{
			"phase": "${ReleaseName}/${ReleaseVersion}/Test",
			"applicationVersions": [
				"Local|AA-Web Banking/${WebBankingAppVersion}"
			],
			"previousTasks": [
				"Verify Mobile  Security Scans Status - Copy"
			],
			"isDisabled": true,
			"name": "Deploy AA-Web_Banking",
			"kind": "Task",
			"endpoint": "Ansible243",
			"plugin": "Ansible Tower/1.0.4",
			"type": "Run Job template",
			"parameters": {
				"buildOrChangeId": "%AA-Web Banking.last_successful_change%",
				"templateName": "${TemplateName}",
				"templateParameters": "cddartifact/info/xxx/%AA-Web Banking.last_successful_change%",
				"job_id": "%WebDeployJobID%"
			}
		},
		{
			"phase": "${ReleaseName}/${ReleaseVersion}/Test",
			"applicationVersions": [
				"Local|AA-Mobile Banking/${MobileBankingAppVersion}"
			],
			"previousTasks": [
				"Deploy AA-Web_Banking"
			],
			"isDisabled": false,
			"name": "Deploy AA-Mobile_Banking",
			"kind": "Task",
			"endpoint": "Ansible243",
			"plugin": "Ansible Tower/1.0.4",
			"type": "Run Job template",
			"parameters": {
				"buildOrChangeId": "%AA-Mobile Banking.last_successful_change%",
				"templateName": "Assaf",
				"job_id": "%MobileDeployJobID%"
			}
		},
		{
			"phase": "${ReleaseName}/${ReleaseVersion}/Test",
			"applicationVersions": [
				"Local|AA-Mobile Banking/${MobileBankingAppVersion}",
				"Local|AA-Web Banking/${WebBankingAppVersion}"
			],
			"previousTasks": [
				"Deploy AA-Mobile_Banking"
			],
			"isDisabled": false,
			"name": "Run ALM Tests",
			"kind": "Task",
			"endpoint": "shlas01-alm",
			"plugin": "ALM/1.0",
			"type": "Run Functional Test Set",
			"parameters": {
				"folder": "Root\\\\Assaf - Tests\\\\API Tests",
				"test": "[1]APITest-Pass",
				"domain": "CONTINUOUS_DELIVERY",
				"testset": "API Pass all",
				"host": "shlas01-op790",
				"project": "ReleaseAutomation"
			}
		},
		{
			"phase": "${ReleaseName}/${ReleaseVersion}/Test",
			"applicationVersions": [
				"Local|AA-Web Banking/${WebBankingAppVersion}"
			],
			"previousTasks": [
				"Run ALM Tests"
			],
			"isDisabled": false,
			"name": "Inform on  Successful WEB Deployment",
			"kind": "Task",
			"endpoint": "Slack-AS",
			"plugin": "Slack/1.0",
			"type": "Post message",
			"parameters": {
				"channel": "cdd-notifications",
				"message": "Build %AA-Web Banking.last_successful_change% of AA-WEB Banking app deployed to test. Security status is %WebScanQualityGate%",
				"username": "CDDirector"
			}
		},
		{
			"phase": "${ReleaseName}/${ReleaseVersion}/Test",
			"applicationVersions": [
				"Local|AA-Mobile Banking/${MobileBankingAppVersion}"
			],
			"previousTasks": [
				"Inform on  Successful WEB Deployment"
			],
			"isDisabled": false,
			"name": "Inform on  Successful Mobile Deployment",
			"kind": "Task",
			"endpoint": "Slack-AS",
			"plugin": "Slack/1.0",
			"type": "Post message",
			"parameters": {
				"channel": "cdd-notifications",
				"message": "Build %AA-Mobile Banking.last_successful_change% of AA Mobile Banking app deployed to test. Security status is %MovileScanQualityGate%",
				"username": "CDDirector"
			}
		},
		{
			"phase": "${ReleaseName}/${ReleaseVersion}/QA",
			"applicationVersions": [
				"Local|AA-Web Banking/${WebBankingAppVersion}"
			],
			"isDisabled": false,
			"name": "Create SNOW Ticket for WEB",
			"kind": "Task",
			"endpoint": "shlas01",
			"plugin": "ServiceNow/2.1",
			"type": "Create Change Request",
			"parameters": {
				"changeRequestId": "%WebSnowChangeId%",
				"shortDescription": "Deploy AA-Web-Banking Build %AA-Web Banking.last_successful_change% to QA"
			}
		},
		{
			"phase": "${ReleaseName}/${ReleaseVersion}/QA",
			"applicationVersions": [
				"Local|AA-Mobile Banking/${MobileBankingAppVersion}"
			],
			"previousTasks": [
				"Create SNOW Ticket for WEB"
			],
			"isDisabled": false,
			"name": "Create SNOW Ticket for Mobile",
			"kind": "Task",
			"endpoint": "shlas01",
			"plugin": "ServiceNow/2.1",
			"type": "Create Change Request",
			"parameters": {
				"changeRequestId": "%MobileSnowChangeId%",
				"shortDescription": "Deploy AA-Web-Banking Build %AA-Mobile Banking.last_successful_change% to QA"
			}
		},
		{
			"phase": "${ReleaseName}/${ReleaseVersion}/QA",
			"applicationVersions": [
				"Local|AA-Web Banking/${WebBankingAppVersion}"
			],
			"previousTasks": [
				"Create SNOW Ticket for Mobile"
			],
			"isDisabled": false,
			"name": "Wait for Web Ticket approval",
			"kind": "Task",
			"endpoint": "shlas01",
			"plugin": "ServiceNow/2.1",
			"type": "Wait For Approval",
			"parameters": {
				"changeRequestId": "%WebSnowChangeId%",
				"pollInterval": "10",
				"statusField": "state",
				"requiredStatus": "Work In Progress",
				"ticketType": "Change Request"
			}
		},
		{
			"phase": "${ReleaseName}/${ReleaseVersion}/QA",
			"applicationVersions": [
				"Local|AA-Mobile Banking/${MobileBankingAppVersion}"
			],
			"previousTasks": [
				"Wait for Web Ticket approval"
			],
			"isDisabled": false,
			"name": "Wait for Mobile Ticket approval",
			"kind": "Task",
			"endpoint": "shlas01",
			"plugin": "ServiceNow/2.1",
			"type": "Wait For Approval",
			"parameters": {
				"changeRequestId": "%MobileSnowChangeId%",
				"pollInterval": "10",
				"statusField": "state",
				"requiredStatus": "Work In Progress",
				"ticketType": "Change Request"
			}
		},
		{
			"phase": "${ReleaseName}/${ReleaseVersion}/QA",
			"applicationVersions": [
				"Local|AA-Web Banking/${WebBankingAppVersion}"
			],
			"previousTasks": [
				"Wait for Mobile Ticket approval"
			],
			"isDisabled": false,
			"name": "Deploy AA-Web_Banking",
			"kind": "Task",
			"endpoint": "Ansible243",
			"plugin": "Ansible Tower/1.0.4",
			"type": "Run Job template",
			"parameters": {
				"buildOrChangeId": "%AA-Web Banking.last_successful_change%",
				"templateName": "Assaf",
				"job_id": "%WebDeployJobID%"
			}
		},
		{
			"phase": "${ReleaseName}/${ReleaseVersion}/QA",
			"applicationVersions": [
				"Local|AA-Mobile Banking/${MobileBankingAppVersion}"
			],
			"previousTasks": [
				"Deploy AA-Web_Banking"
			],
			"isDisabled": false,
			"name": "Deploy AA-Mobile_Banking",
			"kind": "Task",
			"endpoint": "Ansible243",
			"plugin": "Ansible Tower/1.0.4",
			"type": "Run Job template",
			"parameters": {
				"buildOrChangeId": "%AA-Mobile Banking.last_successful_change%",
				"templateName": "Assaf",
				"job_id": "%MobileDeployJobID%"
			}
		},
		{
			"phase": "${ReleaseName}/${ReleaseVersion}/QA",
			"applicationVersions": [
				"Local|AA-Mobile Banking/${MobileBankingAppVersion}",
				"Local|AA-Web Banking/${WebBankingAppVersion}"
			],
			"previousTasks": [
				"Deploy AA-Mobile_Banking"
			],
			"isDisabled": false,
			"name": "Run ALM Tests",
			"kind": "Task",
			"endpoint": "shlas01-alm",
			"plugin": "ALM/1.0",
			"type": "Run Functional Test Set",
			"parameters": {
				"folder": "Root\\\\Assaf - Tests\\\\API Tests",
				"test": "[1]APITest-Pass",
				"domain": "CONTINUOUS_DELIVERY",
				"testset": "API Pass all",
				"host": "shlas01-op790",
				"project": "ReleaseAutomation"
			}
		},
		{
			"phase": "${ReleaseName}/${ReleaseVersion}/QA",
			"applicationVersions": [
				"Local|AA-Web Banking/${WebBankingAppVersion}"
			],
			"previousTasks": [
				"Run ALM Tests"
			],
			"isDisabled": false,
			"name": "Inform on  Successful WEB Deployment",
			"kind": "Task",
			"endpoint": "Slack-AS",
			"plugin": "Slack/1.0",
			"type": "Post message",
			"parameters": {
				"channel": "cdd-notifications",
				"message": "Build %AA-Web Banking.last_successful_change% of AA-WEB Banking app deployed to QA.",
				"username": "CDDirector"
			}
		},
		{
			"phase": "${ReleaseName}/${ReleaseVersion}/QA",
			"applicationVersions": [
				"Local|AA-Mobile Banking/${MobileBankingAppVersion}"
			],
			"previousTasks": [
				"Inform on  Successful WEB Deployment"
			],
			"isDisabled": false,
			"name": "Inform on  Successful Mobile Deployment",
			"kind": "Task",
			"endpoint": "Slack-AS",
			"plugin": "Slack/1.0",
			"type": "Post message",
			"parameters": {
				"channel": "cdd-notifications",
				"message": "Build %AA-Mobile Banking.last_successful_change% of AA Mobile Banking app deployed to QA",
				"username": "CDDirector"
			}
		},
		{
			"phase": "${ReleaseName}/${ReleaseVersion}/QA",
			"applicationVersions": [
				"Local|AA-Web Banking/${WebBankingAppVersion}"
			],
			"previousTasks": [
				"Inform on  Successful Mobile Deployment"
			],
			"isDisabled": false,
			"name": "Close Change WEB Tickets",
			"kind": "Task",
			"endpoint": "shlas01",
			"plugin": "ServiceNow/2.1",
			"type": "Update Ticket",
			"parameters": {
				"changeRequestId": "%WebSnowChangeId%",
				"changeRequestContent": "{\"state\": \"Closed Complete\"}",
				"ticketType": "Change Request"
			}
		},
		{
			"phase": "${ReleaseName}/${ReleaseVersion}/QA",
			"applicationVersions": [
				"Local|AA-Mobile Banking/${MobileBankingAppVersion}"
			],
			"previousTasks": [
				"Close Change WEB Tickets"
			],
			"isDisabled": false,
			"name": "Close Change Mobile Tickets",
			"kind": "Task",
			"endpoint": "shlas01",
			"plugin": "ServiceNow/2.1",
			"type": "Update Ticket",
			"parameters": {
				"changeRequestId": "%MobileSnowChangeId%",
				"changeRequestContent": "{\"state\": \"Closed Complete\"}",
				"ticketType": "Change Request"
			}
		},
		{
			"phase": "${ReleaseName}/${ReleaseVersion}/Production",
			"applicationVersions": [
				"Local|AA-Web Banking/${WebBankingAppVersion}"
			],
			"isDisabled": false,
			"name": "Create SNOW Ticket for WEB",
			"kind": "Task",
			"endpoint": "shlas01",
			"plugin": "ServiceNow/2.1",
			"type": "Create Change Request",
			"parameters": {
				"changeRequestId": "%WebSnowChangeId%",
				"shortDescription": "Deploy AA-Web-Banking Build %AA-Web Banking.last_successful_change% to QA"
			}
		},
		{
			"phase": "${ReleaseName}/${ReleaseVersion}/Production",
			"applicationVersions": [
				"Local|AA-Mobile Banking/${MobileBankingAppVersion}"
			],
			"previousTasks": [
				"Create SNOW Ticket for WEB"
			],
			"isDisabled": false,
			"name": "Create SNOW Ticket for Mobile",
			"kind": "Task",
			"endpoint": "shlas01",
			"plugin": "ServiceNow/2.1",
			"type": "Create Change Request",
			"parameters": {
				"changeRequestId": "%MobileSnowChangeId%",
				"shortDescription": "Deploy AA-Web-Banking Build %AA-Mobile Banking.last_successful_change% to QA"
			}
		},
		{
			"phase": "${ReleaseName}/${ReleaseVersion}/Production",
			"applicationVersions": [
				"Local|AA-Web Banking/${WebBankingAppVersion}"
			],
			"previousTasks": [
				"Create SNOW Ticket for Mobile"
			],
			"isDisabled": false,
			"name": "Wait for Web Ticket approval",
			"kind": "Task",
			"endpoint": "shlas01",
			"plugin": "ServiceNow/2.1",
			"type": "Wait For Approval",
			"parameters": {
				"changeRequestId": "%WebSnowChangeId%",
				"pollInterval": "10",
				"statusField": "state",
				"requiredStatus": "Work In Progress",
				"ticketType": "Change Request"
			}
		},
		{
			"phase": "${ReleaseName}/${ReleaseVersion}/Production",
			"applicationVersions": [
				"Local|AA-Mobile Banking/${MobileBankingAppVersion}"
			],
			"previousTasks": [
				"Wait for Web Ticket approval"
			],
			"isDisabled": false,
			"name": "Wait for Mobile Ticket approval",
			"kind": "Task",
			"endpoint": "shlas01",
			"plugin": "ServiceNow/2.1",
			"type": "Wait For Approval",
			"parameters": {
				"changeRequestId": "%MobileSnowChangeId%",
				"pollInterval": "10",
				"statusField": "state",
				"requiredStatus": "Work In Progress",
				"ticketType": "Change Request"
			}
		},
		{
			"phase": "${ReleaseName}/${ReleaseVersion}/Production",
			"applicationVersions": [
				"Local|AA-Web Banking/${WebBankingAppVersion}"
			],
			"previousTasks": [
				"Wait for Mobile Ticket approval"
			],
			"isDisabled": false,
			"name": "Deploy AA-Web_Banking",
			"kind": "Task",
			"endpoint": "Ansible243",
			"plugin": "Ansible Tower/1.0.4",
			"type": "Run Job template",
			"parameters": {
				"buildOrChangeId": "%AA-Web Banking.last_successful_change%",
				"templateName": "Assaf",
				"job_id": "%WebDeployJobID%"
			}
		},
		{
			"phase": "${ReleaseName}/${ReleaseVersion}/Production",
			"applicationVersions": [
				"Local|AA-Mobile Banking/${MobileBankingAppVersion}"
			],
			"previousTasks": [
				"Deploy AA-Web_Banking"
			],
			"isDisabled": false,
			"name": "Deploy AA-Mobile_Banking",
			"kind": "Task",
			"endpoint": "Ansible243",
			"plugin": "Ansible Tower/1.0.4",
			"type": "Run Job template",
			"parameters": {
				"buildOrChangeId": "%AA-Mobile Banking.last_successful_change%",
				"templateName": "Assaf",
				"job_id": "%MobileDeployJobID%"
			}
		},
		{
			"phase": "${ReleaseName}/${ReleaseVersion}/Production",
			"applicationVersions": [
				"Local|AA-Web Banking/${WebBankingAppVersion}"
			],
			"previousTasks": [
				"Deploy AA-Mobile_Banking"
			],
			"isDisabled": false,
			"name": "Inform on  Successful WEB Deployment",
			"kind": "Task",
			"endpoint": "Slack-AS",
			"plugin": "Slack/1.0",
			"type": "Post message",
			"parameters": {
				"channel": "cdd-notifications",
				"message": "Build %AA-Web Banking.last_successful_change% of AA-WEB Banking app deployed to Production.",
				"username": "CDDirector"
			}
		},
		{
			"phase": "${ReleaseName}/${ReleaseVersion}/Production",
			"applicationVersions": [
				"Local|AA-Mobile Banking/${MobileBankingAppVersion}"
			],
			"previousTasks": [
				"Inform on  Successful WEB Deployment"
			],
			"isDisabled": false,
			"name": "Inform on  Successful Mobile Deployment",
			"kind": "Task",
			"endpoint": "Slack-AS",
			"plugin": "Slack/1.0",
			"type": "Post message",
			"parameters": {
				"channel": "cdd-notifications",
				"message": "Build %AA-Mobile Banking.last_successful_change% of AA Mobile Banking app deployed to Production",
				"username": "CDDirector"
			}
		},
		{
			"phase": "${ReleaseName}/${ReleaseVersion}/Production",
			"applicationVersions": [
				"Local|AA-Web Banking/${WebBankingAppVersion}"
			],
			"previousTasks": [
				"Inform on  Successful Mobile Deployment"
			],
			"isDisabled": false,
			"name": "Close Change WEB Tickets",
			"kind": "Task",
			"endpoint": "shlas01",
			"plugin": "ServiceNow/2.1",
			"type": "Update Ticket",
			"parameters": {
				"changeRequestId": "%WebSnowChangeId%",
				"changeRequestContent": "{\"state\": \"Closed Complete\"}",
				"ticketType": "Change Request"
			}
		},
		{
			"phase": "${ReleaseName}/${ReleaseVersion}/Production",
			"applicationVersions": [
				"Local|AA-Mobile Banking/${MobileBankingAppVersion}"
			],
			"previousTasks": [
				"Close Change WEB Tickets"
			],
			"isDisabled": false,
			"name": "Close Change Mobile Tickets",
			"kind": "Task",
			"endpoint": "shlas01",
			"plugin": "ServiceNow/2.1",
			"type": "Update Ticket",
			"parameters": {
				"changeRequestId": "%MobileSnowChangeId%",
				"changeRequestContent": "{\"state\": \"Closed Complete\"}",
				"ticketType": "Change Request"
			}
		},
		{
			"phase": "${ReleaseName}/${ReleaseVersion}/Production",
			"applicationVersions": [
				"Local|AA-Mobile Banking/${MobileBankingAppVersion}",
				"Local|AA-Web Banking/${WebBankingAppVersion}"
			],
			"previousTasks": [
				"Close Change Mobile Tickets"
			],
			"isDisabled": false,
			"name": "Send Email",
			"kind": "Task",
			"endpoint": "SendGrid Email",
			"plugin": "Email/1.0",
			"type": "Send Email",
			"parameters": {
				"subject": "Deployment to Production Notification",
				"to": "ashlomitest@gmail.com",
				"body": "To all Ops Employees, \nPlease note that application AA-Mobile build %AA-Mobile Banking.last_successful_change% and application AA-Web build %AA-Web Banking.last_successful_change% deployed to production"
			}
		}
	]
}