{
	"parameters": [{
			"name": "tvReporting",
			"value": "47"
		},
		{
			"name": "tvBilling",
			"value": "34"
		},
		{
			"name": "tvPortal",
			"value": "56"
		},
		{
			"name": "ReleaseVersion",
			"value": "Q4.2"
		},
		{
			"name": "ReleaseName",
			"value": "Banking-FY19Q2-Andrew-Demo"
		},
		
		{
			"name": "TemplateName",
			"value": "Assaf-T"
		}
	],
	
		
	"objects": [
		{
			"application": "Local|TV Reporting",
			"name": "${tvReporting}",
			"kind": "ApplicationVersion"
		},
		{
			"application": "Local|TV Billing",
			"name": "${tvBilling}",
			"kind": "ApplicationVersion"
		},
		{
			"application": "Local|TV Portal",
			"name": "${tvPortal}",
			"kind": "ApplicationVersion"
		},
		{
			"applicationVersion": "Local|TV Reporting/${tvReporting}",
			"name": "CA Test Workplace",
			"kind": "ContentSource",
			"type": "Add Content",
			"parameters": {
				"release": "${ReleaseName}",
				"project": "TradingAppCD",
				"iteration": "FY19Q2-2",
				"type": "User Story"
			},
			"endpoint": "Agile Central - Test",
			"plugin": "Rally Platform/2.3"
		},
		{
			"applicationVersion": "Local|TV Reporting/${tvReporting}",
			"commitRegularExpression": "^[ \\\\t]*([A-Za-z0-9_]+)",
			"name": "${tvReporting}_commitSource",
			"kind": "CommitSource",
			"type": "Get Commit Messages",
			"parameters": {
				"owner": "ashlomi",
				"repository": "planVsActual"
			},
			"endpoint": "Github-cloud",
			"plugin": "GitHub/1.0.1"
		},
		{
			"version": "${ReleaseVersion}",
			"applicationVersions": [
				"Local|TV Reporting/${tvReporting}",
				"Local|TV Billing/${tvBilling}",
				"Local|TV Portal/${tvPortal}"
			],
			"ownerParties": [
				"superuser@ca.com"
			],
			"runOnCreation": false,
			"name": "TV-Suttern Project FY19",
			"kind": "Release"
		},
		{
			"value": "CHG0034765",
			"scope": "RELEASE_SCOPE",
			"release": "TV-Suttern Project FY19/${ReleaseVersion}",
			"name": "changeTicketNumber",
			"kind": "ReleaseToken"
		},
		{
			"value": "OK",
			"scope": "RELEASE_SCOPE",
			"release": "TV-Suttern Project FY19/${ReleaseVersion}",
			"name": "qualityGate",
			"kind": "ReleaseToken"
		},
		{
			"environments": [
				"Dev"
			],
			"approvalGate": "AUTOMATIC",
			"release": "TV-Suttern Project FY19/${ReleaseVersion}",
			"isApprovalRequired": false,
			"skipTasksWithUnchangedApplications": true,
			"name": "Dev",
			"kind": "Phase"
		},
		{
			"environments": [
				"Test"
			],
			"approvalGate": "MANUAL",
			"release": "TV-Suttern Project FY19/${ReleaseVersion}",
			"previousPhase": "Dev",
			"isApprovalRequired": false,
			"skipTasksWithUnchangedApplications": false,
			"name": "UAT",
			"kind": "Phase"
		},
		{
			"environments": [
				"Production"
			],
			"plannedEndDate": "01/07/2019 14:36:57 -04",
			"plannedStartDate": "16/06/2019 13:36:57 -04",
			"approvalGate": "SCHEDULED",
			"release": "TV-Suttern Project FY19/${ReleaseVersion}",
			"previousPhase": "UAT",
			"isApprovalRequired": false,
			"skipTasksWithUnchangedApplications": false,
			"name": "Prod",
			"kind": "Phase"
		},
		{
			"phase": "TV-Suttern Project FY19/${ReleaseVersion}/Dev",
			"isDisabled": false,
			"name": "Check Security Scan",
			"kind": "Task",
			"type": "Check Project Status",
			"parameters": {
				"qualityGate": "%qualityGate%",
				"projectKey": "be.yildiz-games:feature-city-client",
				"failOnWarning": "false"
			},
			"endpoint": "Sonar-AS",
			"plugin": "SonarQube/1.0"
		},
		{
			"phase": "TV-Suttern Project FY19/${ReleaseVersion}/Dev",
			"applicationVersions": [
				"Local|TV Reporting/${tvReporting}"
			],
			"isDisabled": false,
			"previousTasks": [
				"Check Security Scan"
			],
			"name": "Deploy TV Reporting",
			"kind": "Task",
			"type": "Run Job template",
			"parameters": {
				"buildOrChangeId": "%TV Reporting.last_successful_change%",
				"templateName": "Assaf"
			},
			"endpoint": "Ansible-341",
			"plugin": "Ansible Tower/1.0.4"
		},
		{
			"phase": "TV-Suttern Project FY19/${ReleaseVersion}/Dev",
			"applicationVersions": [
				"Local|TV Billing/${tvBilling}"
			],
			"isDisabled": false,
			"previousTasks": [
				"Deploy TV Reporting"
			],
			"name": "Deploy TV Billing",
			"kind": "Task",
			"type": "Run Job template",
			"parameters": {
				"buildOrChangeId": "%TV Billing.last_successful_change%",
				"templateName": "Assaf"
			},
			"endpoint": "Ansible-341",
			"plugin": "Ansible Tower/1.0.4"
		},
		{
			"phase": "TV-Suttern Project FY19/${ReleaseVersion}/Dev",
			"applicationVersions": [
				"Local|TV Portal/${tvPortal}"
			],
			"isDisabled": false,
			"previousTasks": [
				"Deploy TV Billing"
			],
			"name": "Deploy TV Portal",
			"kind": "Task",
			"type": "Run Job template",
			"parameters": {
				"buildOrChangeId": "%TV Portal.last_successful_change%",
				"templateName": "Assaf"
			},
			"endpoint": "Ansible-341",
			"plugin": "Ansible Tower/1.0.4"
		},
		{
			"phase": "TV-Suttern Project FY19/${ReleaseVersion}/UAT",
			"applicationVersions": [
				"Local|TV Reporting/${tvReporting}",
				"Local|TV Billing/${tvBilling}",
				"Local|TV Portal/${tvPortal}"
			],
			"isDisabled": false,
			"name": "Open SNOW Ticket",
			"kind": "Task",
			"type": "Create Change Request",
			"parameters": {
				"changeRequestId": "%changeTicketNumber%",
				"shortDescription": "Deploy release to production"
			},
			"endpoint": "SNOW-shlas01",
			"plugin": "ServiceNow/2.1"
		},
		{
			"phase": "TV-Suttern Project FY19/${ReleaseVersion}/UAT",
			"applicationVersions": [
				"Local|TV Reporting/${tvReporting}"
			],
			"isDisabled": false,
			"previousTasks": [
				"Open SNOW Ticket"
			],
			"name": "Deploy TV Reporting - Copy",
			"kind": "Task",
			"type": "Run Job template",
			"parameters": {
				"buildOrChangeId": "%TV Reporting.last_successful_change%",
				"templateName": "Assaf"
			},
			"endpoint": "Ansible-341",
			"plugin": "Ansible Tower/1.0.4"
		},
		{
			"phase": "TV-Suttern Project FY19/${ReleaseVersion}/UAT",
			"applicationVersions": [
				"Local|TV Billing/${tvBilling}"
			],
			"isDisabled": false,
			"previousTasks": [
				"Deploy TV Reporting - Copy"
			],
			"name": "Deploy TV Billing - Copy",
			"kind": "Task",
			"type": "Run Job template",
			"parameters": {
				"buildOrChangeId": "%TV Billing.last_successful_change%",
				"templateName": "Assaf"
			},
			"endpoint": "Ansible-341",
			"plugin": "Ansible Tower/1.0.4"
		},
		{
			"phase": "TV-Suttern Project FY19/${ReleaseVersion}/UAT",
			"applicationVersions": [
				"Local|TV Portal/${tvPortal}"
			],
			"isDisabled": false,
			"previousTasks": [
				"Deploy TV Billing - Copy"
			],
			"name": "Deploy TV Portal - Copy",
			"kind": "Task",
			"type": "Run Job template",
			"parameters": {
				"buildOrChangeId": "%TV Portal.last_successful_change%",
				"templateName": "Assaf"
			},
			"endpoint": "Ansible-341",
			"plugin": "Ansible Tower/1.0.4"
		},
		{
			"phase": "TV-Suttern Project FY19/${ReleaseVersion}/UAT",
			"applicationVersions": [
				"Local|TV Billing/${tvBilling}"
			],
			"isDisabled": false,
			"previousTasks": [
				"Deploy TV Portal - Copy"
			],
			"name": "Send Message Billing",
			"kind": "Task",
			"type": "Post message",
			"parameters": {
				"channel": "",
				"message": "Build %TV Billing.last_successful_change% Deployed to UAT with success",
				"username": "CDDirector"
			},
			"endpoint": "SLack-Assaf",
			"plugin": "Slack/1.0"
		},
		{
			"phase": "TV-Suttern Project FY19/${ReleaseVersion}/UAT",
			"applicationVersions": [
				"Local|TV Reporting/${tvReporting}"
			],
			"isDisabled": false,
			"previousTasks": [
				"Send Message Billing"
			],
			"name": "Send Message - Reporting",
			"kind": "Task",
			"type": "Post message",
			"parameters": {
				"channel": "",
				"message": "build %TV Reporting.last_successful_change% Deployed to UAT with success",
				"username": "CDDirector"
			},
			"endpoint": "SLack-Assaf",
			"plugin": "Slack/1.0"
		},
		{
			"phase": "TV-Suttern Project FY19/${ReleaseVersion}/UAT",
			"applicationVersions": [
				"Local|TV Portal/${tvPortal}"
			],
			"isDisabled": false,
			"previousTasks": [
				"Send Message - Reporting"
			],
			"name": "Send Message - portak",
			"kind": "Task",
			"type": "Post message",
			"parameters": {
				"channel": "",
				"message": "build %TV Portal.last_successful_change% Deployed to UAT with success",
				"username": "CDDirector"
			},
			"endpoint": "SLack-Assaf",
			"plugin": "Slack/1.0"
		},
		{
			"phase": "TV-Suttern Project FY19/${ReleaseVersion}/UAT",
			"applicationVersions": [
				"Local|TV Reporting/${tvReporting}",
				"Local|TV Billing/${tvBilling}",
				"Local|TV Portal/${tvPortal}"
			],
			"isDisabled": false,
			"previousTasks": [
				"Send Message - portak"
			],
			"name": "Close SNOW change Ticket",
			"kind": "Task",
			"type": "Update Ticket",
			"parameters": {
				"changeRequestId": "%changeTicketNumber%",
				"changeRequestContent": "{\"state\":\"closed complete\"}",
				"ticketType": "Change Request"
			},
			"endpoint": "SNOW-shlas01",
			"plugin": "ServiceNow/2.1"
		},
		{
			"phase": "TV-Suttern Project FY19/${ReleaseVersion}/Prod",
			"applicationVersions": [
				"Local|TV Reporting/${tvReporting}",
				"Local|TV Billing/${tvBilling}",
				"Local|TV Portal/${tvPortal}"
			],
			"isDisabled": false,
			"name": "Open SNOW Ticket",
			"kind": "Task",
			"type": "Create Change Request",
			"parameters": {
				"changeRequestId": "%changeTicketNumber%",
				"shortDescription": "Deploy release to production"
			},
			"endpoint": "SNOW-shlas01",
			"plugin": "ServiceNow/2.1"
		},
		{
			"phase": "TV-Suttern Project FY19/${ReleaseVersion}/Prod",
			"applicationVersions": [
				"Local|TV Reporting/${tvReporting}"
			],
			"isDisabled": false,
			"previousTasks": [
				"Open SNOW Ticket"
			],
			"name": "Deploy TV Reporting - Copy",
			"kind": "Task",
			"type": "Run Job template",
			"parameters": {
				"buildOrChangeId": "%TV Reporting.last_successful_change%",
				"templateName": "Assaf"
			},
			"endpoint": "Ansible-341",
			"plugin": "Ansible Tower/1.0.4"
		},
		{
			"phase": "TV-Suttern Project FY19/${ReleaseVersion}/Prod",
			"applicationVersions": [
				"Local|TV Billing/${tvBilling}"
			],
			"isDisabled": false,
			"previousTasks": [
				"Deploy TV Reporting - Copy"
			],
			"name": "Deploy TV Billing - Copy",
			"kind": "Task",
			"type": "Run Job template",
			"parameters": {
				"buildOrChangeId": "%TV Billing.last_successful_change%",
				"templateName": "Assaf"
			},
			"endpoint": "Ansible-341",
			"plugin": "Ansible Tower/1.0.4"
		},
		{
			"phase": "TV-Suttern Project FY19/${ReleaseVersion}/Prod",
			"applicationVersions": [
				"Local|TV Portal/${tvPortal}"
			],
			"isDisabled": false,
			"previousTasks": [
				"Deploy TV Billing - Copy"
			],
			"name": "Deploy TV Portal - Copy",
			"kind": "Task",
			"type": "Run Job template",
			"parameters": {
				"buildOrChangeId": "%TV Portal.last_successful_change%",
				"templateName": "Assaf"
			},
			"endpoint": "Ansible-341",
			"plugin": "Ansible Tower/1.0.4"
		},
		{
			"phase": "TV-Suttern Project FY19/${ReleaseVersion}/Prod",
			"applicationVersions": [
				"Local|TV Billing/${tvBilling}"
			],
			"isDisabled": false,
			"previousTasks": [
				"Deploy TV Portal - Copy"
			],
			"name": "Send Message Billing",
			"kind": "Task",
			"type": "Post message",
			"parameters": {
				"channel": "",
				"message": "Build %TV Billing.last_successful_change% Deployed to UAT with success",
				"username": "CDDirector"
			},
			"endpoint": "SLack-Assaf",
			"plugin": "Slack/1.0"
		},
		{
			"phase": "TV-Suttern Project FY19/${ReleaseVersion}/Prod",
			"applicationVersions": [
				"Local|TV Reporting/${tvReporting}"
			],
			"isDisabled": false,
			"previousTasks": [
				"Send Message Billing"
			],
			"name": "Send Message - Reporting",
			"kind": "Task",
			"type": "Post message",
			"parameters": {
				"channel": "",
				"message": "build %TV Reporting.last_successful_change% Deployed to UAT with success",
				"username": "CDDirector"
			},
			"endpoint": "SLack-Assaf",
			"plugin": "Slack/1.0"
		},
		{
			"phase": "TV-Suttern Project FY19/${ReleaseVersion}/Prod",
			"applicationVersions": [
				"Local|TV Portal/${tvPortal}"
			],
			"isDisabled": false,
			"previousTasks": [
				"Send Message - Reporting"
			],
			"name": "Send Message - portak",
			"kind": "Task",
			"type": "Post message",
			"parameters": {
				"channel": "",
				"message": "build %TV Portal.last_successful_change% Deployed to UAT with success",
				"username": "CDDirector"
			},
			"endpoint": "SLack-Assaf",
			"plugin": "Slack/1.0"
		},
		{
			"phase": "TV-Suttern Project FY19/${ReleaseVersion}/Prod",
			"applicationVersions": [
				"Local|TV Reporting/${tvReporting}",
				"Local|TV Billing/${tvBilling}",
				"Local|TV Portal/${tvPortal}"
			],
			"isDisabled": false,
			"previousTasks": [
				"Send Message - portak"
			],
			"name": "Close SNOW change Ticket",
			"kind": "Task",
			"type": "Update Ticket",
			"parameters": {
				"changeRequestId": "%changeTicketNumber%",
				"changeRequestContent": "{\"state\":\"closed complete\"}",
				"ticketType": "Change Request"
			},
			"endpoint": "SNOW-shlas01",
			"plugin": "ServiceNow/2.1"
		}
	]
}