{
  "id": "d9074b80-381e-4791-80ec-d7f9b53963ce",
  "bpnModelId": "41cc0142-0a4d-4fab-a4ff-95dbb213692c",
  "createdBy": "Tobi API Rest Call",
  "modifiedBy": "Tobi API Rest Call",
  "created": {
    "seconds": 1572255725,
    "nanos": 549000000
  },
  "modified": {
    "seconds": 1573128489,
    "nanos": 710000000
  },
  "modelRevisionStatus": "DEPLOYED",
  "creatorType": "HUMAN",
  "bpnModelRevisionNumber": "2.0",
  "allowedActions": 5,
  "mergeable": false,
  "revisionXml": "<?xml version=\"1.0\" encoding=\"UTF-8\"?>\r\n<bpmn2:definitions xmlns:xsi=\"http://www.w3.org/2001/XMLSchema-instance\" xmlns:bpmn2=\"http://www.omg.org/spec/BPMN/20100524/MODEL\" xmlns:bpmndi=\"http://www.omg.org/spec/BPMN/20100524/DI\" xmlns:dc=\"http://www.omg.org/spec/DD/20100524/DC\" xmlns:di=\"http://www.omg.org/spec/DD/20100524/DI\" xmlns:prop=\"http://www.ipsoft.com/schema/bpmn/prop\" id=\"sample-diagram\" targetNamespace=\"http://bpmn.io/schema/bpmn\" xsi:schemaLocation=\"http://www.omg.org/spec/BPMN/20100524/MODEL BPMN20.xsd\">\n  <bpmn2:process id=\"Process_1\" name=\"newtest\" isExecutable=\"false\">\n    <bpmn2:startEvent id=\"StartEvent_1\">\n      <bpmn2:outgoing>SequenceFlow_0pwckps</bpmn2:outgoing>\n    </bpmn2:startEvent>\n    <bpmn2:userTask id=\"Task_1r76les\" name=\"say start\">\n      <bpmn2:incoming>SequenceFlow_1rqrkr0</bpmn2:incoming>\n      <bpmn2:outgoing>SequenceFlow_1vgave8</bpmn2:outgoing>\n    </bpmn2:userTask>\n    <bpmn2:scriptTask id=\"Task_0y4q7k1\" name=\"flag\" scriptFormat=\"groovy\">\n      <bpmn2:extensionElements>\n        <prop:property name=\"included_scripts\" value=\"\"/>\n      </bpmn2:extensionElements>\n      <bpmn2:incoming>SequenceFlow_1vgave8</bpmn2:incoming>\n      <bpmn2:outgoing>SequenceFlow_1rvlndm</bpmn2:outgoing>\n      <bpmn2:script>execution.setVariable(\"newflag\",\"1\");</bpmn2:script>\n    </bpmn2:scriptTask>\n    <bpmn2:sequenceFlow id=\"SequenceFlow_1vgave8\" sourceRef=\"Task_1r76les\" targetRef=\"Task_0y4q7k1\"/>\n    <bpmn2:exclusiveGateway id=\"ExclusiveGateway_08ppnpf\" default=\"SequenceFlow_0y80jda\">\n      <bpmn2:incoming>SequenceFlow_0a93nw8</bpmn2:incoming>\n      <bpmn2:outgoing>SequenceFlow_15wq68p</bpmn2:outgoing>\n      <bpmn2:outgoing>SequenceFlow_0y80jda</bpmn2:outgoing>\n    </bpmn2:exclusiveGateway>\n    <bpmn2:sequenceFlow id=\"SequenceFlow_1rvlndm\" sourceRef=\"Task_0y4q7k1\" targetRef=\"Task_0i30osy\"/>\n    <bpmn2:sequenceFlow id=\"SequenceFlow_15wq68p\" name=\"flag equals 1\" sourceRef=\"ExclusiveGateway_08ppnpf\" targetRef=\"Task_1m602r5\">\n      <bpmn2:extensionElements>\n        <prop:property name=\"expression\" value=\"newflag2 == 1\"/>\n      </bpmn2:extensionElements>\n    </bpmn2:sequenceFlow>\n    <bpmn2:sequenceFlow id=\"SequenceFlow_0y80jda\" sourceRef=\"ExclusiveGateway_08ppnpf\" targetRef=\"Task_0vmwd0y\"/>\n    <bpmn2:userTask id=\"Task_0vmwd0y\" name=\"say default \">\n      <bpmn2:incoming>SequenceFlow_0y80jda</bpmn2:incoming>\n      <bpmn2:outgoing>SequenceFlow_1h2u84d</bpmn2:outgoing>\n    </bpmn2:userTask>\n    <bpmn2:userTask id=\"Task_1m602r5\" name=\"say passed\">\n      <bpmn2:incoming>SequenceFlow_15wq68p</bpmn2:incoming>\n      <bpmn2:outgoing>SequenceFlow_0b9wocu</bpmn2:outgoing>\n    </bpmn2:userTask>\n    <bpmn2:endEvent id=\"EndEvent_1vpekk6\">\n      <bpmn2:incoming>SequenceFlow_0b9wocu</bpmn2:incoming>\n      <bpmn2:incoming>SequenceFlow_1h2u84d</bpmn2:incoming>\n    </bpmn2:endEvent>\n    <bpmn2:sequenceFlow id=\"SequenceFlow_0b9wocu\" sourceRef=\"Task_1m602r5\" targetRef=\"EndEvent_1vpekk6\"/>\n    <bpmn2:sequenceFlow id=\"SequenceFlow_1h2u84d\" sourceRef=\"Task_0vmwd0y\" targetRef=\"EndEvent_1vpekk6\"/>\n    <bpmn2:sequenceFlow id=\"SequenceFlow_1bouhra\" sourceRef=\"Task_0i30osy\" targetRef=\"Task_1vxsy5y\"/>\n    <bpmn2:scriptTask id=\"Task_0i30osy\" name=\"send mail\" scriptFormat=\"groovy\">\n      <bpmn2:extensionElements>\n        <prop:property name=\"included_scripts\" value=\"\"/>\n      </bpmn2:extensionElements>\n      <bpmn2:incoming>SequenceFlow_1rvlndm</bpmn2:incoming>\n      <bpmn2:outgoing>SequenceFlow_1bouhra</bpmn2:outgoing>\n      <bpmn2:script>execution.setVariable(\"in_email_address\",user1.dlMail)\nexecution.setVariable(\"in_email_subject\",\"Hello Camel\")\nexecution.setVariable(\"in_email_body\",\"Done DEV This is a test\")</bpmn2:script>\n    </bpmn2:scriptTask>\n    <bpmn2:sequenceFlow id=\"SequenceFlow_0pwckps\" sourceRef=\"StartEvent_1\" targetRef=\"Task_17p5oai\"/>\n    <bpmn2:sequenceFlow id=\"SequenceFlow_1rqrkr0\" sourceRef=\"Task_17p5oai\" targetRef=\"Task_1r76les\"/>\n    <bpmn2:userTask id=\"Task_17p5oai\" name=\"run the workflow userdata\">\n      <bpmn2:incoming>SequenceFlow_0pwckps</bpmn2:incoming>\n      <bpmn2:outgoing>SequenceFlow_1rqrkr0</bpmn2:outgoing>\n    </bpmn2:userTask>\n    <bpmn2:sequenceFlow id=\"SequenceFlow_0a93nw8\" sourceRef=\"Task_1vxsy5y\" targetRef=\"ExclusiveGateway_08ppnpf\"/>\n    <bpmn2:userTask id=\"Task_1vxsy5y\" name=\"run the workflow if_smtp_email_send\">\n      <bpmn2:incoming>SequenceFlow_1bouhra</bpmn2:incoming>\n      <bpmn2:outgoing>SequenceFlow_0a93nw8</bpmn2:outgoing>\n    </bpmn2:userTask>\n  </bpmn2:process>\n  <bpmndi:BPMNDiagram id=\"BPMNDiagram_1\">\n    <bpmndi:BPMNPlane id=\"BPMNPlane_1\" bpmnElement=\"Process_1\">\n      <bpmndi:BPMNShape id=\"_BPMNShape_StartEvent_2\" bpmnElement=\"StartEvent_1\">\n        <dc:Bounds x=\"-314\" y=\"170\" width=\"36\" height=\"36\"/>\n        <bpmndi:BPMNLabel>\n          <dc:Bounds x=\"-341\" y=\"206\" width=\"90\" height=\"20\"/>\n        </bpmndi:BPMNLabel>\n      </bpmndi:BPMNShape>\n      <bpmndi:BPMNShape id=\"UserTask_0rtlsyd_di\" bpmnElement=\"Task_1r76les\">\n        <dc:Bounds x=\"-45\" y=\"148\" width=\"120\" height=\"80\"/>\n      </bpmndi:BPMNShape>\n      <bpmndi:BPMNShape id=\"ScriptTask_1ipyisu_di\" bpmnElement=\"Task_0y4q7k1\">\n        <dc:Bounds x=\"96\" y=\"148\" width=\"120\" height=\"80\"/>\n      </bpmndi:BPMNShape>\n      <bpmndi:BPMNEdge id=\"SequenceFlow_1vgave8_di\" bpmnElement=\"SequenceFlow_1vgave8\">\n        <di:waypoint x=\"75\" y=\"188\"/>\n        <di:waypoint x=\"96\" y=\"188\"/>\n        <bpmndi:BPMNLabel>\n          <dc:Bounds x=\"40.5\" y=\"167\" width=\"90\" height=\"12\"/>\n        </bpmndi:BPMNLabel>\n      </bpmndi:BPMNEdge>\n      <bpmndi:BPMNShape id=\"ExclusiveGateway_08ppnpf_di\" bpmnElement=\"ExclusiveGateway_08ppnpf\" isMarkerVisible=\"true\">\n        <dc:Bounds x=\"571\" y=\"163\" width=\"50\" height=\"50\"/>\n        <bpmndi:BPMNLabel>\n          <dc:Bounds x=\"596\" y=\"217\" width=\"0\" height=\"12\"/>\n        </bpmndi:BPMNLabel>\n      </bpmndi:BPMNShape>\n      <bpmndi:BPMNEdge id=\"SequenceFlow_1rvlndm_di\" bpmnElement=\"SequenceFlow_1rvlndm\">\n        <di:waypoint x=\"216\" y=\"188\"/>\n        <di:waypoint x=\"235\" y=\"188\"/>\n        <bpmndi:BPMNLabel>\n          <dc:Bounds x=\"180.5\" y=\"167\" width=\"90\" height=\"12\"/>\n        </bpmndi:BPMNLabel>\n      </bpmndi:BPMNEdge>\n      <bpmndi:BPMNEdge id=\"SequenceFlow_15wq68p_di\" bpmnElement=\"SequenceFlow_15wq68p\">\n        <di:waypoint x=\"596\" y=\"213\"/>\n        <di:waypoint x=\"596\" y=\"265\"/>\n        <di:waypoint x=\"721\" y=\"265\"/>\n        <bpmndi:BPMNLabel>\n          <dc:Bounds x=\"624\" y=\"235\" width=\"64\" height=\"12\"/>\n        </bpmndi:BPMNLabel>\n      </bpmndi:BPMNEdge>\n      <bpmndi:BPMNEdge id=\"SequenceFlow_0y80jda_di\" bpmnElement=\"SequenceFlow_0y80jda\">\n        <di:waypoint x=\"596\" y=\"163\"/>\n        <di:waypoint x=\"596\" y=\"108\"/>\n        <di:waypoint x=\"732\" y=\"108\"/>\n        <bpmndi:BPMNLabel>\n          <dc:Bounds x=\"611\" y=\"129.5\" width=\"0\" height=\"12\"/>\n        </bpmndi:BPMNLabel>\n      </bpmndi:BPMNEdge>\n      <bpmndi:BPMNShape id=\"UserTask_1r4z7y5_di\" bpmnElement=\"Task_0vmwd0y\">\n        <dc:Bounds x=\"732\" y=\"68\" width=\"120\" height=\"80\"/>\n      </bpmndi:BPMNShape>\n      <bpmndi:BPMNShape id=\"UserTask_0zfzmho_di\" bpmnElement=\"Task_1m602r5\">\n        <dc:Bounds x=\"721\" y=\"225\" width=\"120\" height=\"80\"/>\n      </bpmndi:BPMNShape>\n      <bpmndi:BPMNShape id=\"EndEvent_1vpekk6_di\" bpmnElement=\"EndEvent_1vpekk6\">\n        <dc:Bounds x=\"928\" y=\"150\" width=\"36\" height=\"36\"/>\n        <bpmndi:BPMNLabel>\n          <dc:Bounds x=\"901\" y=\"190\" width=\"90\" height=\"12\"/>\n        </bpmndi:BPMNLabel>\n      </bpmndi:BPMNShape>\n      <bpmndi:BPMNEdge id=\"SequenceFlow_0b9wocu_di\" bpmnElement=\"SequenceFlow_0b9wocu\">\n        <di:waypoint x=\"841\" y=\"265\"/>\n        <di:waypoint x=\"890\" y=\"265\"/>\n        <di:waypoint x=\"890\" y=\"168\"/>\n        <di:waypoint x=\"928\" y=\"168\"/>\n        <bpmndi:BPMNLabel>\n          <dc:Bounds x=\"860\" y=\"210.5\" width=\"90\" height=\"12\"/>\n        </bpmndi:BPMNLabel>\n      </bpmndi:BPMNEdge>\n      <bpmndi:BPMNEdge id=\"SequenceFlow_1h2u84d_di\" bpmnElement=\"SequenceFlow_1h2u84d\">\n        <di:waypoint x=\"852\" y=\"108\"/>\n        <di:waypoint x=\"890\" y=\"108\"/>\n        <di:waypoint x=\"890\" y=\"168\"/>\n        <di:waypoint x=\"928\" y=\"168\"/>\n        <bpmndi:BPMNLabel>\n          <dc:Bounds x=\"860\" y=\"132\" width=\"90\" height=\"12\"/>\n        </bpmndi:BPMNLabel>\n      </bpmndi:BPMNEdge>\n      <bpmndi:BPMNEdge id=\"SequenceFlow_1bouhra_di\" bpmnElement=\"SequenceFlow_1bouhra\">\n        <di:waypoint x=\"355\" y=\"184\"/>\n        <di:waypoint x=\"424\" y=\"179\"/>\n        <bpmndi:BPMNLabel>\n          <dc:Bounds x=\"344.5\" y=\"160.5\" width=\"90\" height=\"12\"/>\n        </bpmndi:BPMNLabel>\n      </bpmndi:BPMNEdge>\n      <bpmndi:BPMNShape id=\"ScriptTask_0e0kiyj_di\" bpmnElement=\"Task_0i30osy\">\n        <dc:Bounds x=\"235\" y=\"148\" width=\"120\" height=\"80\"/>\n      </bpmndi:BPMNShape>\n      <bpmndi:BPMNEdge id=\"SequenceFlow_0pwckps_di\" bpmnElement=\"SequenceFlow_0pwckps\">\n        <di:waypoint x=\"-278\" y=\"188\"/>\n        <di:waypoint x=\"-202\" y=\"188\"/>\n        <bpmndi:BPMNLabel>\n          <dc:Bounds x=\"-240\" y=\"167\" width=\"0\" height=\"12\"/>\n        </bpmndi:BPMNLabel>\n      </bpmndi:BPMNEdge>\n      <bpmndi:BPMNEdge id=\"SequenceFlow_1rqrkr0_di\" bpmnElement=\"SequenceFlow_1rqrkr0\">\n        <di:waypoint x=\"-82\" y=\"188\"/>\n        <di:waypoint x=\"-45\" y=\"188\"/>\n        <bpmndi:BPMNLabel>\n          <dc:Bounds x=\"-108.5\" y=\"167\" width=\"90\" height=\"12\"/>\n        </bpmndi:BPMNLabel>\n      </bpmndi:BPMNEdge>\n      <bpmndi:BPMNShape id=\"UserTask_04y9dgs_di\" bpmnElement=\"Task_17p5oai\">\n        <dc:Bounds x=\"-202\" y=\"148\" width=\"120\" height=\"80\"/>\n      </bpmndi:BPMNShape>\n      <bpmndi:BPMNEdge id=\"SequenceFlow_0a93nw8_di\" bpmnElement=\"SequenceFlow_0a93nw8\">\n        <di:waypoint x=\"544\" y=\"176\"/>\n        <di:waypoint x=\"553\" y=\"176\"/>\n        <di:waypoint x=\"553\" y=\"188\"/>\n        <di:waypoint x=\"571\" y=\"188\"/>\n        <bpmndi:BPMNLabel>\n          <dc:Bounds x=\"568\" y=\"176\" width=\"0\" height=\"12\"/>\n        </bpmndi:BPMNLabel>\n      </bpmndi:BPMNEdge>\n      <bpmndi:BPMNShape id=\"UserTask_0l0aa4h_di\" bpmnElement=\"Task_1vxsy5y\">\n        <dc:Bounds x=\"424\" y=\"136\" width=\"120\" height=\"80\"/>\n      </bpmndi:BPMNShape>\n    </bpmndi:BPMNPlane>\n  </bpmndi:BPMNDiagram>\n</bpmn2:definitions>"
}