{
  "id": "911ea7db-22c6-49e5-a912-75393cb5611c",
  "name": "GetEnv",
  "language": "GROOVY",
  "parentPathId": "bfb5125a-baba-4f31-9ee3-489589e50585",
  "revisionId": "ba37e43a-2db1-4caf-ab52-d465c810e37f",
  "code": "/**\n * Get the domain name to load environment dynamic\n * @param id\n * @return domain name\n */\ndef indentifyDomainName(id) {\n    \n    id = id.toLowerCase()\n    \n    def domains = [\n            \"playground\" : \"c87f3edd-b7f4-4f80-beff-ebc0d2e7f251\",\n            \"dev\": \"2459f37b-8d9a-4467-b11d-7aa199ac6295\",\n            \"preprod\": \"ee0c0d34-cc61-4ceb-ab46-fa58d2b674fe\",\n            \"stage\": \"c887a01a-5ef2-4ffc-8030-bc1a8a1ecd7a\",\n            \"prod\": \"1dcb0997-5d82-45e5-9ecd-ccaca53e36aa\",\n    ]\n\n    for(item in domains) {\n        if (item.value == id) {\n            return item.key\n        }\n    }\n}",
  "domainId": "a1648d8e-ea35-4702-ab73-23f0226497cb",
  "includedScriptsIds": []
}