{
  "id": "1492f9c4-b01d-4738-8249-c4d69a01d3b9",
  "bpnModelId": "db56974e-dabe-4b85-bad8-0c44c84cec37",
  "createdBy": "Belal Ehab",
  "modifiedBy": "Tobi API Rest Call",
  "created": {
    "seconds": 1543309288,
    "nanos": 662000000
  },
  "modified": {
    "seconds": 1573128449,
    "nanos": 787000000
  },
  "modelRevisionStatus": "DEPLOYED",
  "creatorType": "HUMAN",
  "bpnModelRevisionNumber": "3.0",
  "allowedActions": 5,
  "mergeable": false,
  "revisionXml": "<?xml version=\"1.0\" encoding=\"UTF-8\"?>\r\n<bpmn2:definitions xmlns:xsi=\"http://www.w3.org/2001/XMLSchema-instance\" xmlns:bpmn2=\"http://www.omg.org/spec/BPMN/20100524/MODEL\" xmlns:bpmndi=\"http://www.omg.org/spec/BPMN/20100524/DI\" xmlns:dc=\"http://www.omg.org/spec/DD/20100524/DC\" xmlns:di=\"http://www.omg.org/spec/DD/20100524/DI\" xmlns:prop=\"http://www.ipsoft.com/schema/bpmn/prop\" id=\"sample-diagram\" targetNamespace=\"http://bpmn.io/schema/bpmn\" xsi:schemaLocation=\"http://www.omg.org/spec/BPMN/20100524/MODEL BPMN20.xsd\">\n  <bpmn2:process id=\"Process_1\" name=\"pre_closure_send_mail\" isExecutable=\"false\">\n    <bpmn2:extensionElements>\n      <prop:property name=\"default_escalation_queue\" value=\"\"/>\n    </bpmn2:extensionElements>\n    <bpmn2:startEvent id=\"StartEvent_1\">\n      <bpmn2:outgoing>SequenceFlow_1sny3ev</bpmn2:outgoing>\n    </bpmn2:startEvent>\n    <bpmn2:userTask id=\"Task_00i3syv\" name=\"run the workflow if_smtp_email_send\">\n      <bpmn2:incoming>SequenceFlow_0pdol9h</bpmn2:incoming>\n      <bpmn2:outgoing>SequenceFlow_10igm0z</bpmn2:outgoing>\n    </bpmn2:userTask>\n    <bpmn2:endEvent id=\"EndEvent_0qde854\">\n      <bpmn2:incoming>SequenceFlow_1ge8uuq</bpmn2:incoming>\n    </bpmn2:endEvent>\n    <bpmn2:sequenceFlow id=\"SequenceFlow_10igm0z\" sourceRef=\"Task_00i3syv\" targetRef=\"Task_1mbyrui\"/>\n    <bpmn2:sequenceFlow id=\"SequenceFlow_1sny3ev\" sourceRef=\"StartEvent_1\" targetRef=\"Task_05biamg\"/>\n    <bpmn2:scriptTask id=\"Task_0nost48\" name=\"mail data\" scriptFormat=\"groovy\">\n      <bpmn2:extensionElements>\n        <prop:property name=\"included_scripts\" value=\"\"/>\n      </bpmn2:extensionElements>\n      <bpmn2:incoming>SequenceFlow_0brad4q</bpmn2:incoming>\n      <bpmn2:outgoing>SequenceFlow_0pdol9h</bpmn2:outgoing>\n      <bpmn2:script>/**\n * This script set some variables for the smtp_send_mail integration flow.\n * all transient variables that are going to be sent in the mail are got.\n * only transient variables are seen in this BPN , so this is way we have to first get all the transient variables and then set them as execution variables here.\n * the mail's recepeint, subject, and body are then filled with these variables.\n */\n\n\nattach_base64 = execution.getVariable(\"attach_base64\");\nlog.info(\"\\n\\n attach_base64: ${attach_base64} \\n\\n\");\n\nattachment_Name = execution.getVariable(\"attachment_Name\");\nlog.info(\"\\n\\n attachment_Name: ${attachment_Name} \\n\\n\");\n\nexecution.setVariable(\"attach_base64\",attach_base64);\nexecution.setVariable(\"attachment_Name\",attachment_Name);\n\n\n\n\n//agent name either TOBi or human agent\ndef agentName = transientVariableService.getVariable(\"agentName\");\nexecution.setVariable(\"agentName\",agentName);\n\n// user first name from the main module dynamic user\ndef firstNametr = transientVariableService.getVariable(\"firstNametr\");\nexecution.setVariable(\"firstNametr\",firstNametr);\n\n// user last name from the main module dynamic user\ndef lastNametr = transientVariableService.getVariable(\"lastNametr\");\nexecution.setVariable(\"lastNametr\",lastNametr);\n\n// user email from the main module dynamic user\ndef emailtr = transientVariableService.getVariable(\"emailtr\");\nexecution.setVariable(\"emailtr\",emailtr);\n\n// chat transcript from transcript bpn , chat transcript script\ndef chatTranscript = transientVariableService.getVariable(\"chatTranscript\");\nexecution.setVariable(\"chatTranscript\",chatTranscript);\n\n// chat transcript from transcript bpn , chat transcript script\ndef employee_idtr = transientVariableService.getVariable(\"employee_idtr\");\nexecution.setVariable(\"employee_idtr\",employee_idtr);\n\n// chat transcript from transcript bpn , chat transcript script\ndef markettr = transientVariableService.getVariable(\"markettr\");\nexecution.setVariable(\"markettr\",markettr);\n\n// default escalation queue based on opco id \ndef defaultEscalationQueuetr = transientVariableService.getVariable(\"defaultEscalationQueuetr\");\nexecution.setVariable(\"defaultEscalationQueuetr\",defaultEscalationQueuetr);\n\n// the time the conversation started from the main module\ndef trstartTime = transientVariableService.getVariable(\"trstartTime\");\nexecution.setVariable(\"trstartTime\",trstartTime);\n\n\n// mail from userdata based on market opco id\ndef tr = transientVariableService.getVariable(\"tr\");\n\n\n\nexecution.setVariable(\"in_email_address\",emailtr)\n// this is supoosed to be \"tr\" , but is replaced by \"emailtr\" so that whoever is testing gets the mail.\n// on 9/11/18 it was changed back to tr because we are going live by the end of the week.\n\n\n//adding the variable agentStatus to the mail subject \ndef agentStatus = transientVariableService.getVariable(\"agentStatus\");\nexecution.setVariable(\"agentStatus\",agentStatus);\n\n//agentStatus+\":\"+\n\nexecution.setVariable(\"in_email_subject\",agentStatus+\":\"+\"Employee Name: \"+firstNametr+ \" \"+lastNametr+\".\"+\" Agent Name: \"+agentName+\" .Employee id : \"+employee_idtr+\" .\")\n\n//\n\nexecution.setVariable(\"in_email_body\",\"&lt;ul&gt;&lt;li&gt;Employee Name: \"+firstNametr+ \" \"+lastNametr+\"&lt;/li&gt;\"+\"&lt;li&gt;ID: \"+employee_idtr+\"&lt;/li&gt;\"+\"&lt;li&gt;Email Address: \"+emailtr+\"&lt;/li&gt;\"+\"&lt;li&gt;Agent name who dealt with the chat: \"+agentName+\"&lt;/li&gt;\"+ \"&lt;li&gt;The Conversation started at: \"+trstartTime+\"&lt;li&gt;Chat transcript: \"+ \"&lt;br&gt;\" +chatTranscript+\"&lt;/li&gt;\"+\"&lt;li&gt; User Market: \"+markettr+\"&lt;/li&gt;\"+\"&lt;li&gt;The User's Escalation Queue: \"+defaultEscalationQueuetr+\"&lt;/li&gt;\")\n\ndef opcoIdTr = transientVariableService.getVariable(\"opcoIdTr\");\n//execution.setVariable(\"opcoIdTr\",opcoIdTr);\n\n/*\nif(opcoIdTr == \"51\"){\n    execution.setVariable(\"in_email_body\",\" Employee Name : \"+firstNametr+ \" \"+lastNametr+\", ID : \"+employee_idtr+\", Email Address : \"+emailtr+\", Agent name who dealt with the chat : \"+agentName+ \", The Conversation started at : \"+trstartTime+\", Chat transcript : \" +chatTranscript+\", User Market : \"+markettr+\", The User's Escalation Queue : \"+defaultEscalationQueuetr)\n}\n*/</bpmn2:script>\n    </bpmn2:scriptTask>\n    <bpmn2:sequenceFlow id=\"SequenceFlow_0pdol9h\" sourceRef=\"Task_0nost48\" targetRef=\"Task_00i3syv\"/>\n    <bpmn2:sequenceFlow id=\"SequenceFlow_0g9qe8h\" sourceRef=\"Task_05biamg\" targetRef=\"Task_07nc7fq\"/>\n    <bpmn2:scriptTask id=\"Task_05biamg\" name=\"get the flag from available agent BPN&#xA;\" scriptFormat=\"groovy\">\n      <bpmn2:extensionElements>\n        <prop:property name=\"included_scripts\" value=\"\"/>\n      </bpmn2:extensionElements>\n      <bpmn2:incoming>SequenceFlow_1sny3ev</bpmn2:incoming>\n      <bpmn2:outgoing>SequenceFlow_0g9qe8h</bpmn2:outgoing>\n      <bpmn2:script>def newflag = transientVariableService.getVariable(\"newflag\");\n\n\n// execution.setVariable(\"newflag\",1);\nexecution.setVariable(\"newflag\",newflag);</bpmn2:script>\n    </bpmn2:scriptTask>\n    <bpmn2:exclusiveGateway id=\"ExclusiveGateway_06ko1j0\" default=\"SequenceFlow_16187ee\">\n      <bpmn2:incoming>SequenceFlow_0os9jbs</bpmn2:incoming>\n      <bpmn2:outgoing>SequenceFlow_0brad4q</bpmn2:outgoing>\n      <bpmn2:outgoing>SequenceFlow_16187ee</bpmn2:outgoing>\n    </bpmn2:exclusiveGateway>\n    <bpmn2:sequenceFlow id=\"SequenceFlow_0brad4q\" name=\"newflag == 1\" sourceRef=\"ExclusiveGateway_06ko1j0\" targetRef=\"Task_0nost48\">\n      <bpmn2:extensionElements>\n        <prop:property name=\"expression\" value=\"newflag?(newflag == 1):false\"/>\n      </bpmn2:extensionElements>\n    </bpmn2:sequenceFlow>\n    <bpmn2:endEvent id=\"EndEvent_0eakwfs\">\n      <bpmn2:incoming>SequenceFlow_1jrfrj1</bpmn2:incoming>\n    </bpmn2:endEvent>\n    <bpmn2:sequenceFlow id=\"SequenceFlow_16187ee\" sourceRef=\"ExclusiveGateway_06ko1j0\" targetRef=\"Task_0nxqdvy\"/>\n    <bpmn2:sequenceFlow id=\"SequenceFlow_1jrfrj1\" sourceRef=\"Task_0nxqdvy\" targetRef=\"EndEvent_0eakwfs\"/>\n    <bpmn2:userTask id=\"Task_0nxqdvy\" name=\"set the variable status to &quot;no flag&quot;\">\n      <bpmn2:incoming>SequenceFlow_16187ee</bpmn2:incoming>\n      <bpmn2:outgoing>SequenceFlow_1jrfrj1</bpmn2:outgoing>\n    </bpmn2:userTask>\n    <bpmn2:sequenceFlow id=\"SequenceFlow_1ge8uuq\" sourceRef=\"Task_1mbyrui\" targetRef=\"EndEvent_0qde854\"/>\n    <bpmn2:scriptTask id=\"Task_1mbyrui\" name=\"reset the flag\" scriptFormat=\"groovy\">\n      <bpmn2:extensionElements>\n        <prop:property name=\"included_scripts\" value=\"\"/>\n      </bpmn2:extensionElements>\n      <bpmn2:incoming>SequenceFlow_10igm0z</bpmn2:incoming>\n      <bpmn2:outgoing>SequenceFlow_1ge8uuq</bpmn2:outgoing>\n      <bpmn2:script>execution.setVariable(\"newflag\",0);\nexecution.setVariable(\"flag\",0);</bpmn2:script>\n    </bpmn2:scriptTask>\n    <bpmn2:sequenceFlow id=\"SequenceFlow_0os9jbs\" sourceRef=\"Task_07nc7fq\" targetRef=\"ExclusiveGateway_06ko1j0\"/>\n    <bpmn2:userTask id=\"Task_07nc7fq\" name=\"run the workflow transcript\">\n      <bpmn2:incoming>SequenceFlow_0g9qe8h</bpmn2:incoming>\n      <bpmn2:outgoing>SequenceFlow_0os9jbs</bpmn2:outgoing>\n    </bpmn2:userTask>\n  </bpmn2:process>\n  <bpmndi:BPMNDiagram id=\"BPMNDiagram_1\">\n    <bpmndi:BPMNPlane id=\"BPMNPlane_1\" bpmnElement=\"Process_1\">\n      <bpmndi:BPMNShape id=\"_BPMNShape_StartEvent_2\" bpmnElement=\"StartEvent_1\">\n        <dc:Bounds x=\"-396\" y=\"177\" width=\"36\" height=\"36\"/>\n        <bpmndi:BPMNLabel>\n          <dc:Bounds x=\"-423\" y=\"213\" width=\"90\" height=\"20\"/>\n        </bpmndi:BPMNLabel>\n      </bpmndi:BPMNShape>\n      <bpmndi:BPMNShape id=\"UserTask_0ti8jss_di\" bpmnElement=\"Task_00i3syv\">\n        <dc:Bounds x=\"401\" y=\"301\" width=\"120\" height=\"80\"/>\n      </bpmndi:BPMNShape>\n      <bpmndi:BPMNShape id=\"EndEvent_0qde854_di\" bpmnElement=\"EndEvent_0qde854\">\n        <dc:Bounds x=\"141\" y=\"323\" width=\"36\" height=\"36\"/>\n        <bpmndi:BPMNLabel>\n          <dc:Bounds x=\"114\" y=\"363\" width=\"90\" height=\"12\"/>\n        </bpmndi:BPMNLabel>\n      </bpmndi:BPMNShape>\n      <bpmndi:BPMNEdge id=\"SequenceFlow_10igm0z_di\" bpmnElement=\"SequenceFlow_10igm0z\">\n        <di:waypoint x=\"401\" y=\"341\"/>\n        <di:waypoint x=\"344\" y=\"341\"/>\n        <bpmndi:BPMNLabel>\n          <dc:Bounds x=\"327.5\" y=\"320\" width=\"90\" height=\"12\"/>\n        </bpmndi:BPMNLabel>\n      </bpmndi:BPMNEdge>\n      <bpmndi:BPMNEdge id=\"SequenceFlow_1sny3ev_di\" bpmnElement=\"SequenceFlow_1sny3ev\">\n        <di:waypoint x=\"-360\" y=\"195\"/>\n        <di:waypoint x=\"-316\" y=\"195\"/>\n        <bpmndi:BPMNLabel>\n          <dc:Bounds x=\"-383\" y=\"174\" width=\"90\" height=\"12\"/>\n        </bpmndi:BPMNLabel>\n      </bpmndi:BPMNEdge>\n      <bpmndi:BPMNShape id=\"ScriptTask_1wdvit4_di\" bpmnElement=\"Task_0nost48\">\n        <dc:Bounds x=\"401\" y=\"155\" width=\"120\" height=\"80\"/>\n      </bpmndi:BPMNShape>\n      <bpmndi:BPMNEdge id=\"SequenceFlow_0pdol9h_di\" bpmnElement=\"SequenceFlow_0pdol9h\">\n        <di:waypoint x=\"461\" y=\"235\"/>\n        <di:waypoint x=\"461\" y=\"273\"/>\n        <di:waypoint x=\"461\" y=\"273\"/>\n        <di:waypoint x=\"461\" y=\"301\"/>\n        <bpmndi:BPMNLabel>\n          <dc:Bounds x=\"431\" y=\"267\" width=\"90\" height=\"12\"/>\n        </bpmndi:BPMNLabel>\n      </bpmndi:BPMNEdge>\n      <bpmndi:BPMNEdge id=\"SequenceFlow_0g9qe8h_di\" bpmnElement=\"SequenceFlow_0g9qe8h\">\n        <di:waypoint x=\"-196\" y=\"195\"/>\n        <di:waypoint x=\"-127\" y=\"195\"/>\n        <bpmndi:BPMNLabel>\n          <dc:Bounds x=\"-206.5\" y=\"174\" width=\"90\" height=\"12\"/>\n        </bpmndi:BPMNLabel>\n      </bpmndi:BPMNEdge>\n      <bpmndi:BPMNShape id=\"ScriptTask_1b7znv7_di\" bpmnElement=\"Task_05biamg\">\n        <dc:Bounds x=\"-316\" y=\"155\" width=\"120\" height=\"80\"/>\n      </bpmndi:BPMNShape>\n      <bpmndi:BPMNShape id=\"ExclusiveGateway_06ko1j0_di\" bpmnElement=\"ExclusiveGateway_06ko1j0\" isMarkerVisible=\"true\">\n        <dc:Bounds x=\"122\" y=\"170\" width=\"50\" height=\"50\"/>\n        <bpmndi:BPMNLabel>\n          <dc:Bounds x=\"147\" y=\"224\" width=\"0\" height=\"12\"/>\n        </bpmndi:BPMNLabel>\n      </bpmndi:BPMNShape>\n      <bpmndi:BPMNEdge id=\"SequenceFlow_0brad4q_di\" bpmnElement=\"SequenceFlow_0brad4q\">\n        <di:waypoint x=\"172\" y=\"195\"/>\n        <di:waypoint x=\"401\" y=\"195\"/>\n        <bpmndi:BPMNLabel>\n          <dc:Bounds x=\"255\" y=\"174\" width=\"63\" height=\"12\"/>\n        </bpmndi:BPMNLabel>\n      </bpmndi:BPMNEdge>\n      <bpmndi:BPMNShape id=\"EndEvent_0eakwfs_di\" bpmnElement=\"EndEvent_0eakwfs\">\n        <dc:Bounds x=\"129\" y=\"-54\" width=\"36\" height=\"36\"/>\n        <bpmndi:BPMNLabel>\n          <dc:Bounds x=\"147\" y=\"-14\" width=\"0\" height=\"12\"/>\n        </bpmndi:BPMNLabel>\n      </bpmndi:BPMNShape>\n      <bpmndi:BPMNEdge id=\"SequenceFlow_16187ee_di\" bpmnElement=\"SequenceFlow_16187ee\">\n        <di:waypoint x=\"147\" y=\"170\"/>\n        <di:waypoint x=\"147\" y=\"93\"/>\n        <bpmndi:BPMNLabel>\n          <dc:Bounds x=\"117\" y=\"125.5\" width=\"90\" height=\"12\"/>\n        </bpmndi:BPMNLabel>\n      </bpmndi:BPMNEdge>\n      <bpmndi:BPMNEdge id=\"SequenceFlow_1jrfrj1_di\" bpmnElement=\"SequenceFlow_1jrfrj1\">\n        <di:waypoint x=\"147\" y=\"13\"/>\n        <di:waypoint x=\"147\" y=\"-18\"/>\n        <bpmndi:BPMNLabel>\n          <dc:Bounds x=\"162\" y=\"-8.5\" width=\"0\" height=\"12\"/>\n        </bpmndi:BPMNLabel>\n      </bpmndi:BPMNEdge>\n      <bpmndi:BPMNShape id=\"UserTask_07m4fma_di\" bpmnElement=\"Task_0nxqdvy\">\n        <dc:Bounds x=\"97\" y=\"13\" width=\"120\" height=\"80\"/>\n      </bpmndi:BPMNShape>\n      <bpmndi:BPMNEdge id=\"SequenceFlow_1ge8uuq_di\" bpmnElement=\"SequenceFlow_1ge8uuq\">\n        <di:waypoint x=\"224\" y=\"341\"/>\n        <di:waypoint x=\"177\" y=\"341\"/>\n        <bpmndi:BPMNLabel>\n          <dc:Bounds x=\"200.5\" y=\"320\" width=\"0\" height=\"12\"/>\n        </bpmndi:BPMNLabel>\n      </bpmndi:BPMNEdge>\n      <bpmndi:BPMNShape id=\"ScriptTask_1qm7218_di\" bpmnElement=\"Task_1mbyrui\">\n        <dc:Bounds x=\"224\" y=\"301\" width=\"120\" height=\"80\"/>\n      </bpmndi:BPMNShape>\n      <bpmndi:BPMNEdge id=\"SequenceFlow_0os9jbs_di\" bpmnElement=\"SequenceFlow_0os9jbs\">\n        <di:waypoint x=\"-7\" y=\"195\"/>\n        <di:waypoint x=\"122\" y=\"195\"/>\n        <bpmndi:BPMNLabel>\n          <dc:Bounds x=\"57.5\" y=\"174\" width=\"0\" height=\"12\"/>\n        </bpmndi:BPMNLabel>\n      </bpmndi:BPMNEdge>\n      <bpmndi:BPMNShape id=\"UserTask_00bhcac_di\" bpmnElement=\"Task_07nc7fq\">\n        <dc:Bounds x=\"-127\" y=\"155\" width=\"120\" height=\"80\"/>\n      </bpmndi:BPMNShape>\n    </bpmndi:BPMNPlane>\n  </bpmndi:BPMNDiagram>\n</bpmn2:definitions>"
}