{
  "id": "ba2e9445-f468-486e-85a4-a25ba39cc8c2",
  "name": "if_smtp_email_send",
  "type": "DETERMINISTIC",
  "description": "",
  "parentPathId": "3fb76c9e-68bb-4152-ab0c-fc0b5f4c224e",
  "revisionId": "664b8b87-1476-4112-8b05-d0e32f289609",
  "revisionXml": "<?xml version=\"1.0\" encoding=\"UTF-8\"?>\r\n<bpmn2:definitions xmlns:xsi=\"http://www.w3.org/2001/XMLSchema-instance\" xmlns:bpmn2=\"http://www.omg.org/spec/BPMN/20100524/MODEL\" xmlns:bpmndi=\"http://www.omg.org/spec/BPMN/20100524/DI\" xmlns:dc=\"http://www.omg.org/spec/DD/20100524/DC\" xmlns:di=\"http://www.omg.org/spec/DD/20100524/DI\" xmlns:prop=\"http://www.ipsoft.com/schema/bpmn/prop\" id=\"sample-diagram\" targetNamespace=\"http://bpmn.io/schema/bpmn\" xsi:schemaLocation=\"http://www.omg.org/spec/BPMN/20100524/MODEL BPMN20.xsd\">\n  <bpmn2:process id=\"Process_1\" name=\"if_smtp_email_send\" isExecutable=\"false\">\n    <bpmn2:extensionElements>\n      <prop:property name=\"default_escalation_queue\" value=\"\"/>\n    </bpmn2:extensionElements>\n    <bpmn2:startEvent id=\"StartEvent_1\">\n      <bpmn2:outgoing>SequenceFlow_063qjxo</bpmn2:outgoing>\n    </bpmn2:startEvent>\n    <bpmn2:sequenceFlow id=\"SequenceFlow_063qjxo\" sourceRef=\"StartEvent_1\" targetRef=\"Task_1kg3tn6\"/>\n    <bpmn2:scriptTask id=\"Task_1kg3tn6\" name=\"Sending mail by setting up variable\" scriptFormat=\"groovy\">\n      <bpmn2:extensionElements>\n        <prop:property name=\"included_scripts\" value=\"\"/>\n      </bpmn2:extensionElements>\n      <bpmn2:incoming>SequenceFlow_063qjxo</bpmn2:incoming>\n      <bpmn2:outgoing>SequenceFlow_010ayg8</bpmn2:outgoing>\n      <bpmn2:script>def contentType = 'text/html'\ndef in_email_address = execution.getVariable(\"in_email_address\")\ndef in_email_subject = execution.getVariable(\"in_email_subject\")\ndef in_email_body = execution.getVariable(\"in_email_body\")\nexecution.setVariable('contentType',contentType)\nexecution.setVariable(\"in_email_address\",in_email_address)\nexecution.setVariable(\"in_email_subject\",in_email_subject)\nexecution.setVariable(\"in_email_body\",in_email_body)\n\n\n//attach_base64\ndef attach_base64 = transientVariableService.getVariable(\"attach_base64\");\nexecution.setVariable(\"attach_base64\",attach_base64);\n//attach_base64 = execution.getVariable(\"attach_base64\");\n//log.info(\"\\n\\n attach_base64: ${attach_base64} \\n\\n\");\n\n\n//attachment_Name\ndef attachment_Name = transientVariableService.getVariable(\"attachment_Name\");\nexecution.setVariable(\"attachment_Name\",attachment_Name);\n//attachment_Name = execution.getVariable(\"attachment_Name\");\n//log.info(\"\\n\\n attachment_Name: ${attachment_Name} \\n\\n\");</bpmn2:script>\n    </bpmn2:scriptTask>\n    <bpmn2:sequenceFlow id=\"SequenceFlow_010ayg8\" sourceRef=\"Task_1kg3tn6\" targetRef=\"Task_16n4cdz\"/>\n    <bpmn2:userTask id=\"Task_16n4cdz\" name=\"run the integration flow smtp_generic&#xA;&#xA;\">\n      <bpmn2:incoming>SequenceFlow_010ayg8</bpmn2:incoming>\n      <bpmn2:outgoing>SequenceFlow_06116gj</bpmn2:outgoing>\n    </bpmn2:userTask>\n    <bpmn2:sequenceFlow id=\"SequenceFlow_06116gj\" sourceRef=\"Task_16n4cdz\" targetRef=\"ExclusiveGateway_0x5cf19\"/>\n    <bpmn2:endEvent id=\"EndEvent_15buiqr\">\n      <bpmn2:incoming>SequenceFlow_0z5y4ae</bpmn2:incoming>\n      <bpmn2:incoming>SequenceFlow_1omkmdj</bpmn2:incoming>\n    </bpmn2:endEvent>\n    <bpmn2:exclusiveGateway id=\"ExclusiveGateway_0x5cf19\" default=\"SequenceFlow_0q3gzee\">\n      <bpmn2:incoming>SequenceFlow_06116gj</bpmn2:incoming>\n      <bpmn2:outgoing>SequenceFlow_0q3gzee</bpmn2:outgoing>\n      <bpmn2:outgoing>SequenceFlow_1iw3u11</bpmn2:outgoing>\n    </bpmn2:exclusiveGateway>\n    <bpmn2:sequenceFlow id=\"SequenceFlow_0q3gzee\" sourceRef=\"ExclusiveGateway_0x5cf19\" targetRef=\"Task_0bbwbsi\"/>\n    <bpmn2:sequenceFlow id=\"SequenceFlow_1iw3u11\" name=\"error\" sourceRef=\"ExclusiveGateway_0x5cf19\" targetRef=\"Task_0bk43gd\">\n      <bpmn2:extensionElements>\n        <prop:property name=\"expression\" value=\"out_response != 'none'\"/>\n      </bpmn2:extensionElements>\n    </bpmn2:sequenceFlow>\n    <bpmn2:scriptTask id=\"Task_0bk43gd\" name=\"Setting error value\" scriptFormat=\"groovy\">\n      <bpmn2:extensionElements>\n        <prop:property name=\"included_scripts\" value=\"\"/>\n      </bpmn2:extensionElements>\n      <bpmn2:incoming>SequenceFlow_1iw3u11</bpmn2:incoming>\n      <bpmn2:outgoing>SequenceFlow_1omkmdj</bpmn2:outgoing>\n      <bpmn2:script>def errors=execution.getVariable(\"out_response\") \nexecution.setVariable(\"errors\",errors)</bpmn2:script>\n    </bpmn2:scriptTask>\n    <bpmn2:scriptTask id=\"Task_0bbwbsi\" name=\"Setting error value\" scriptFormat=\"groovy\">\n      <bpmn2:extensionElements>\n        <prop:property name=\"included_scripts\" value=\"\"/>\n      </bpmn2:extensionElements>\n      <bpmn2:incoming>SequenceFlow_0q3gzee</bpmn2:incoming>\n      <bpmn2:outgoing>SequenceFlow_0z5y4ae</bpmn2:outgoing>\n      <bpmn2:script>def errors\nexecution.setVariable(\"errors\",'none')</bpmn2:script>\n    </bpmn2:scriptTask>\n    <bpmn2:sequenceFlow id=\"SequenceFlow_0z5y4ae\" sourceRef=\"Task_0bbwbsi\" targetRef=\"EndEvent_15buiqr\"/>\n    <bpmn2:sequenceFlow id=\"SequenceFlow_1omkmdj\" sourceRef=\"Task_0bk43gd\" targetRef=\"EndEvent_15buiqr\"/>\n  </bpmn2:process>\n  <bpmndi:BPMNDiagram id=\"BPMNDiagram_1\">\n    <bpmndi:BPMNPlane id=\"BPMNPlane_1\" bpmnElement=\"Process_1\">\n      <bpmndi:BPMNShape id=\"_BPMNShape_StartEvent_2\" bpmnElement=\"StartEvent_1\">\n        <dc:Bounds x=\"180\" y=\"170\" width=\"36\" height=\"36\"/>\n      </bpmndi:BPMNShape>\n      <bpmndi:BPMNEdge id=\"SequenceFlow_063qjxo_di\" bpmnElement=\"SequenceFlow_063qjxo\">\n        <di:waypoint x=\"216\" y=\"188\"/>\n        <di:waypoint x=\"351\" y=\"188\"/>\n        <bpmndi:BPMNLabel>\n          <dc:Bounds x=\"283.5\" y=\"167\" width=\"0\" height=\"12\"/>\n        </bpmndi:BPMNLabel>\n      </bpmndi:BPMNEdge>\n      <bpmndi:BPMNShape id=\"ScriptTask_1tc6ddg_di\" bpmnElement=\"Task_1kg3tn6\">\n        <dc:Bounds x=\"351\" y=\"148\" width=\"120\" height=\"80\"/>\n      </bpmndi:BPMNShape>\n      <bpmndi:BPMNEdge id=\"SequenceFlow_010ayg8_di\" bpmnElement=\"SequenceFlow_010ayg8\">\n        <di:waypoint x=\"471\" y=\"188\"/>\n        <di:waypoint x=\"571\" y=\"188\"/>\n        <bpmndi:BPMNLabel>\n          <dc:Bounds x=\"521\" y=\"167\" width=\"0\" height=\"12\"/>\n        </bpmndi:BPMNLabel>\n      </bpmndi:BPMNEdge>\n      <bpmndi:BPMNShape id=\"UserTask_1hrffvb_di\" bpmnElement=\"Task_16n4cdz\">\n        <dc:Bounds x=\"571\" y=\"148\" width=\"120\" height=\"80\"/>\n      </bpmndi:BPMNShape>\n      <bpmndi:BPMNEdge id=\"SequenceFlow_06116gj_di\" bpmnElement=\"SequenceFlow_06116gj\">\n        <di:waypoint x=\"691\" y=\"188\"/>\n        <di:waypoint x=\"804\" y=\"188\"/>\n        <bpmndi:BPMNLabel>\n          <dc:Bounds x=\"702.5\" y=\"167\" width=\"90\" height=\"12\"/>\n        </bpmndi:BPMNLabel>\n      </bpmndi:BPMNEdge>\n      <bpmndi:BPMNShape id=\"EndEvent_15buiqr_di\" bpmnElement=\"EndEvent_15buiqr\">\n        <dc:Bounds x=\"1042\" y=\"361\" width=\"36\" height=\"36\"/>\n        <bpmndi:BPMNLabel>\n          <dc:Bounds x=\"1015\" y=\"401\" width=\"90\" height=\"12\"/>\n        </bpmndi:BPMNLabel>\n      </bpmndi:BPMNShape>\n      <bpmndi:BPMNShape id=\"ExclusiveGateway_0x5cf19_di\" bpmnElement=\"ExclusiveGateway_0x5cf19\" isMarkerVisible=\"true\">\n        <dc:Bounds x=\"804\" y=\"163\" width=\"50\" height=\"50\"/>\n        <bpmndi:BPMNLabel>\n          <dc:Bounds x=\"829\" y=\"217\" width=\"0\" height=\"12\"/>\n        </bpmndi:BPMNLabel>\n      </bpmndi:BPMNShape>\n      <bpmndi:BPMNEdge id=\"SequenceFlow_0q3gzee_di\" bpmnElement=\"SequenceFlow_0q3gzee\">\n        <di:waypoint x=\"854\" y=\"188\"/>\n        <di:waypoint x=\"1000\" y=\"188\"/>\n        <bpmndi:BPMNLabel>\n          <dc:Bounds x=\"927\" y=\"167\" width=\"0\" height=\"12\"/>\n        </bpmndi:BPMNLabel>\n      </bpmndi:BPMNEdge>\n      <bpmndi:BPMNEdge id=\"SequenceFlow_1iw3u11_di\" bpmnElement=\"SequenceFlow_1iw3u11\">\n        <di:waypoint x=\"829\" y=\"213\"/>\n        <di:waypoint x=\"829\" y=\"339\"/>\n        <bpmndi:BPMNLabel>\n          <dc:Bounds x=\"832\" y=\"270\" width=\"25\" height=\"12\"/>\n        </bpmndi:BPMNLabel>\n      </bpmndi:BPMNEdge>\n      <bpmndi:BPMNShape id=\"ScriptTask_1h66i9w_di\" bpmnElement=\"Task_0bk43gd\">\n        <dc:Bounds x=\"779\" y=\"339\" width=\"120\" height=\"80\"/>\n      </bpmndi:BPMNShape>\n      <bpmndi:BPMNShape id=\"ScriptTask_1xc7bvx_di\" bpmnElement=\"Task_0bbwbsi\">\n        <dc:Bounds x=\"1000\" y=\"148\" width=\"120\" height=\"80\"/>\n      </bpmndi:BPMNShape>\n      <bpmndi:BPMNEdge id=\"SequenceFlow_0z5y4ae_di\" bpmnElement=\"SequenceFlow_0z5y4ae\">\n        <di:waypoint x=\"1060\" y=\"228\"/>\n        <di:waypoint x=\"1060\" y=\"295\"/>\n        <di:waypoint x=\"1060\" y=\"295\"/>\n        <di:waypoint x=\"1060\" y=\"361\"/>\n        <bpmndi:BPMNLabel>\n          <dc:Bounds x=\"1075\" y=\"289\" width=\"0\" height=\"12\"/>\n        </bpmndi:BPMNLabel>\n      </bpmndi:BPMNEdge>\n      <bpmndi:BPMNEdge id=\"SequenceFlow_1omkmdj_di\" bpmnElement=\"SequenceFlow_1omkmdj\">\n        <di:waypoint x=\"899\" y=\"379\"/>\n        <di:waypoint x=\"1042\" y=\"379\"/>\n        <bpmndi:BPMNLabel>\n          <dc:Bounds x=\"970.5\" y=\"358\" width=\"0\" height=\"12\"/>\n        </bpmndi:BPMNLabel>\n      </bpmndi:BPMNEdge>\n    </bpmndi:BPMNPlane>\n  </bpmndi:BPMNDiagram>\n</bpmn2:definitions>",
  "domainId": "a1648d8e-ea35-4702-ab73-23f0226497cb",
  "status": "DEPLOYED"
}