{
  "id": "46a5c8d2-5aec-4a78-a56d-53955e6740f3",
  "bpnModelId": "14d688ba-203b-4ea4-98d7-e306e09ab5e3",
  "createdBy": "Belal Ehab",
  "modifiedBy": "Tobi API Rest Call",
  "created": {
    "seconds": 1537863205,
    "nanos": 881000000
  },
  "modified": {
    "seconds": 1573128454,
    "nanos": 402000000
  },
  "modelRevisionStatus": "DEPLOYED",
  "creatorType": "HUMAN",
  "bpnModelRevisionNumber": "4.0",
  "allowedActions": 5,
  "mergeable": false,
  "revisionXml": "<?xml version=\"1.0\" encoding=\"UTF-8\"?>\r\n<bpmn2:definitions xmlns:xsi=\"http://www.w3.org/2001/XMLSchema-instance\" xmlns:bpmn2=\"http://www.omg.org/spec/BPMN/20100524/MODEL\" xmlns:bpmndi=\"http://www.omg.org/spec/BPMN/20100524/DI\" xmlns:dc=\"http://www.omg.org/spec/DD/20100524/DC\" xmlns:di=\"http://www.omg.org/spec/DD/20100524/DI\" xmlns:prop=\"http://www.ipsoft.com/schema/bpmn/prop\" id=\"sample-diagram\" targetNamespace=\"http://bpmn.io/schema/bpmn\" xsi:schemaLocation=\"http://www.omg.org/spec/BPMN/20100524/MODEL BPMN20.xsd\">\n  <bpmn2:process id=\"Process_1\" name=\"metadata\" isExecutable=\"false\">\n    <bpmn2:startEvent id=\"StartEvent_1\">\n      <bpmn2:outgoing>SequenceFlow_0o4ab7h</bpmn2:outgoing>\n    </bpmn2:startEvent>\n    <bpmn2:userTask id=\"Task_1n8k9fn\" name=\"say Puedes adjuntar el documento aquí.&#xA;&#xA;\">\n      <bpmn2:incoming>SequenceFlow_0qyovkn</bpmn2:incoming>\n      <bpmn2:incoming>SequenceFlow_1ljmipp</bpmn2:incoming>\n      <bpmn2:outgoing>SequenceFlow_0qfmlxu</bpmn2:outgoing>\n    </bpmn2:userTask>\n    <bpmn2:sequenceFlow id=\"SequenceFlow_0o4ab7h\" sourceRef=\"StartEvent_1\" targetRef=\"Task_0hq6x4l\"/>\n    <bpmn2:sequenceFlow id=\"SequenceFlow_1vr3x30\" name=\"success \" sourceRef=\"Task_1n2xue3\" targetRef=\"Task_13z7k69\">\n      <bpmn2:extensionElements>\n        <prop:property name=\"expression\" value=\"upload:succeeded()\"/>\n      </bpmn2:extensionElements>\n    </bpmn2:sequenceFlow>\n    <bpmn2:userTask id=\"Task_0c69sii\" name=\"say cancelled &#xA;\">\n      <bpmn2:incoming>SequenceFlow_0tftpvq</bpmn2:incoming>\n      <bpmn2:incoming>SequenceFlow_068qxab</bpmn2:incoming>\n      <bpmn2:outgoing>SequenceFlow_18j5d7x</bpmn2:outgoing>\n    </bpmn2:userTask>\n    <bpmn2:sequenceFlow id=\"SequenceFlow_0nwr3zm\" name=\"cancel\" sourceRef=\"Task_1n2xue3\" targetRef=\"Task_1kwsx0w\">\n      <bpmn2:extensionElements>\n        <prop:property name=\"expression\" value=\"upload:canceled()\"/>\n      </bpmn2:extensionElements>\n    </bpmn2:sequenceFlow>\n    <bpmn2:endEvent id=\"EndEvent_030hpjm\">\n      <bpmn2:incoming>SequenceFlow_18j5d7x</bpmn2:incoming>\n      <bpmn2:incoming>SequenceFlow_02nadx5</bpmn2:incoming>\n    </bpmn2:endEvent>\n    <bpmn2:sequenceFlow id=\"SequenceFlow_0qfmlxu\" sourceRef=\"Task_1n8k9fn\" targetRef=\"Task_1n2xue3\"/>\n    <bpmn2:scriptTask id=\"Task_13z7k69\" name=\"Prepare files content for Integration usage\" scriptFormat=\"groovy\">\n      <bpmn2:extensionElements>\n        <prop:property name=\"included_scripts\" value=\"\"/>\n      </bpmn2:extensionElements>\n      <bpmn2:incoming>SequenceFlow_1vr3x30</bpmn2:incoming>\n      <bpmn2:outgoing>SequenceFlow_02nadx5</bpmn2:outgoing>\n      <bpmn2:script>/*  Created by:\n    Modified by: Natasha Kiroska 11.07.2018\n    Description: Prepare content of the uploaded files from MMC into the local and transient variables\n*/\ndef resources = execution.getVariable('files')\ndef cmObjectMetadataId \ndef cmObjectName = []\ndef attach_base64 = []\n\ntry{\n    \n    for (def i=0;i&lt;resources.size();i++)\n    {\n        cmObjectName.add(resources[i].objectName)\n        cmObjectMetadataId = resources[i].objectId\n        attach_base64.add(cmService.getResourceBase64(cmObjectMetadataId).toString())\n    }\n    \n    //log.info(\"\\n\\n attach_base64.toString(): ${attach_base64.toString()} \\n\\n\")\n    \n    // Set the variables\n    execution.setVariable('attach_base64', attach_base64)\n    execution.setVariable('attachment_Name', cmObjectName)\n    transientVariableService.addVariable(\"attach_base64\",attach_base64);\n    transientVariableService.addVariable(\"attachment_Name\",cmObjectName);\n    \n} catch (Exception e)\n{\n    log.info(e.getMessage())\n}</bpmn2:script>\n    </bpmn2:scriptTask>\n    <bpmn2:sequenceFlow id=\"SequenceFlow_18j5d7x\" sourceRef=\"Task_0c69sii\" targetRef=\"EndEvent_030hpjm\"/>\n    <bpmn2:userTask id=\"Task_1n2xue3\" name=\"request documents identified by files and store into documents&#xA;&#xA;\">\n      <bpmn2:extensionElements>\n        <prop:property name=\"request_task_cancellable_property\" value=\"yes\"/>\n        <prop:property name=\"user_task_hint_text\" value=\"Solo puedo aceptar documentos en formato PDF o Word, con tamaño inferior a 20 MBs 🙂\"/>\n      </bpmn2:extensionElements>\n      <bpmn2:incoming>SequenceFlow_0qfmlxu</bpmn2:incoming>\n      <bpmn2:outgoing>SequenceFlow_1vr3x30</bpmn2:outgoing>\n      <bpmn2:outgoing>SequenceFlow_0nwr3zm</bpmn2:outgoing>\n    </bpmn2:userTask>\n    <bpmn2:sequenceFlow id=\"SequenceFlow_02nadx5\" sourceRef=\"Task_13z7k69\" targetRef=\"EndEvent_030hpjm\"/>\n    <bpmn2:userTask id=\"Task_14cf740\" name=\"ask &quot;Would you like to add other attachment(s)?&quot;\">\n      <bpmn2:extensionElements>\n        <prop:property name=\"user_task_hint_text\" value=\"\"/>\n        <prop:property name=\"form_input_data_variable\" value=\"Yes_No\"/>\n        <prop:property name=\"allow_others_to_respond_on_dialog_act\" value=\"[]\"/>\n        <prop:property name=\"allow_other_subsystems_to_respond_on_imperative\" value=\"no\"/>\n        <prop:property name=\"allow_other_subsystems_to_respond_on_interrogative\" value=\"no\"/>\n        <prop:property name=\"allow_intent_switch\" value=\"no\"/>\n      </bpmn2:extensionElements>\n      <bpmn2:incoming>SequenceFlow_1qrwvnk</bpmn2:incoming>\n      <bpmn2:outgoing>SequenceFlow_0tftpvq</bpmn2:outgoing>\n      <bpmn2:outgoing>SequenceFlow_1d48wkv</bpmn2:outgoing>\n    </bpmn2:userTask>\n    <bpmn2:scriptTask id=\"Task_1kwsx0w\" name=\"buttons\" scriptFormat=\"groovy\">\n      <bpmn2:extensionElements>\n        <prop:property name=\"included_scripts\" value=\"\"/>\n      </bpmn2:extensionElements>\n      <bpmn2:incoming>SequenceFlow_0nwr3zm</bpmn2:incoming>\n      <bpmn2:outgoing>SequenceFlow_1qrwvnk</bpmn2:outgoing>\n      <bpmn2:script>//building the form for yes/no buttons\n\ndef main_list = formInputDataBuilder.create()\n    .name(\"genericSelectionButtons\")\n    .nameForDisplay(\"Generic List\")\n    .formType(\"sampleForm\")\n    .staticSelectionUtterance(\"\")\n    .allowedUserInputs(\"form_only\")\n    .addField()\n    .name(\"genericList\")\n    .fieldType(\"singleSelection\")\n    .addOption()                     //building Yes option button\n    .name(\"Yes\")\n    .value(\"Yes\")  \n    .backToField()\n    .addOption()                     //building No option button\n     .name(\"No\")\n    .value(\"No\")\n    .backToField()\n   \n    .backToForm() \n    .build() \nexecution.setVariable('Yes_No', main_list.toString())</bpmn2:script>\n    </bpmn2:scriptTask>\n    <bpmn2:sequenceFlow id=\"SequenceFlow_1qrwvnk\" sourceRef=\"Task_1kwsx0w\" targetRef=\"Task_14cf740\"/>\n    <bpmn2:sequenceFlow id=\"SequenceFlow_0tftpvq\" name=\"No\" sourceRef=\"Task_14cf740\" targetRef=\"Task_0c69sii\">\n      <bpmn2:extensionElements>\n        <prop:property name=\"expression\" value=\"response:value()==&quot;No&quot;\"/>\n      </bpmn2:extensionElements>\n    </bpmn2:sequenceFlow>\n    <bpmn2:sequenceFlow id=\"SequenceFlow_1d48wkv\" name=\"Yes\" sourceRef=\"Task_14cf740\" targetRef=\"Task_03384wv\">\n      <bpmn2:extensionElements>\n        <prop:property name=\"expression\" value=\"response:value()==&quot;Yes&quot;\"/>\n      </bpmn2:extensionElements>\n    </bpmn2:sequenceFlow>\n    <bpmn2:sequenceFlow id=\"SequenceFlow_0spiu29\" sourceRef=\"Task_03384wv\" targetRef=\"ExclusiveGateway_1t38au4\"/>\n    <bpmn2:scriptTask id=\"Task_03384wv\" name=\"increment the flag&#xA;\" scriptFormat=\"groovy\">\n      <bpmn2:extensionElements>\n        <prop:property name=\"included_scripts\" value=\"\"/>\n      </bpmn2:extensionElements>\n      <bpmn2:incoming>SequenceFlow_1d48wkv</bpmn2:incoming>\n      <bpmn2:outgoing>SequenceFlow_0spiu29</bpmn2:outgoing>\n      <bpmn2:script>def currentTrial = execution.getVariable(\"trial\");\nexecution.setVariable(\"trial\", currentTrial+1);</bpmn2:script>\n    </bpmn2:scriptTask>\n    <bpmn2:scriptTask id=\"Task_0hq6x4l\" name=\"define flag&#xA;\" scriptFormat=\"groovy\">\n      <bpmn2:extensionElements>\n        <prop:property name=\"included_scripts\" value=\"\"/>\n      </bpmn2:extensionElements>\n      <bpmn2:incoming>SequenceFlow_0o4ab7h</bpmn2:incoming>\n      <bpmn2:outgoing>SequenceFlow_0qyovkn</bpmn2:outgoing>\n      <bpmn2:script>execution.setVariable(\"trial\",0)</bpmn2:script>\n    </bpmn2:scriptTask>\n    <bpmn2:sequenceFlow id=\"SequenceFlow_0qyovkn\" sourceRef=\"Task_0hq6x4l\" targetRef=\"Task_1n8k9fn\"/>\n    <bpmn2:exclusiveGateway id=\"ExclusiveGateway_1t38au4\" default=\"SequenceFlow_068qxab\">\n      <bpmn2:incoming>SequenceFlow_0spiu29</bpmn2:incoming>\n      <bpmn2:outgoing>SequenceFlow_1ljmipp</bpmn2:outgoing>\n      <bpmn2:outgoing>SequenceFlow_068qxab</bpmn2:outgoing>\n    </bpmn2:exclusiveGateway>\n    <bpmn2:sequenceFlow id=\"SequenceFlow_1ljmipp\" name=\"trial &lt; 2\" sourceRef=\"ExclusiveGateway_1t38au4\" targetRef=\"Task_1n8k9fn\">\n      <bpmn2:extensionElements>\n        <prop:property name=\"expression\" value=\"trial &lt; 2\"/>\n      </bpmn2:extensionElements>\n    </bpmn2:sequenceFlow>\n    <bpmn2:sequenceFlow id=\"SequenceFlow_068qxab\" sourceRef=\"ExclusiveGateway_1t38au4\" targetRef=\"Task_0c69sii\"/>\n  </bpmn2:process>\n  <bpmndi:BPMNDiagram id=\"BPMNDiagram_1\">\n    <bpmndi:BPMNPlane id=\"BPMNPlane_1\" bpmnElement=\"Process_1\">\n      <bpmndi:BPMNShape id=\"_BPMNShape_StartEvent_2\" bpmnElement=\"StartEvent_1\">\n        <dc:Bounds x=\"-203\" y=\"287\" width=\"36\" height=\"36\"/>\n        <bpmndi:BPMNLabel>\n          <dc:Bounds x=\"-75\" y=\"325\" width=\"90\" height=\"20\"/>\n        </bpmndi:BPMNLabel>\n      </bpmndi:BPMNShape>\n      <bpmndi:BPMNShape id=\"UserTask_12iapd2_di\" bpmnElement=\"Task_1n8k9fn\">\n        <dc:Bounds x=\"69\" y=\"267\" width=\"120\" height=\"80\"/>\n      </bpmndi:BPMNShape>\n      <bpmndi:BPMNEdge id=\"SequenceFlow_0o4ab7h_di\" bpmnElement=\"SequenceFlow_0o4ab7h\">\n        <di:waypoint x=\"-167\" y=\"305\"/>\n        <di:waypoint x=\"-112\" y=\"305\"/>\n        <bpmndi:BPMNLabel>\n          <dc:Bounds x=\"-16.5\" y=\"286\" width=\"90\" height=\"12\"/>\n        </bpmndi:BPMNLabel>\n      </bpmndi:BPMNEdge>\n      <bpmndi:BPMNEdge id=\"SequenceFlow_1vr3x30_di\" bpmnElement=\"SequenceFlow_1vr3x30\">\n        <di:waypoint x=\"444\" y=\"305\"/>\n        <di:waypoint x=\"562\" y=\"305\"/>\n        <bpmndi:BPMNLabel>\n          <dc:Bounds x=\"483.7826086956522\" y=\"284\" width=\"41\" height=\"12\"/>\n        </bpmndi:BPMNLabel>\n      </bpmndi:BPMNEdge>\n      <bpmndi:BPMNShape id=\"UserTask_0e371un_di\" bpmnElement=\"Task_0c69sii\">\n        <dc:Bounds x=\"1006\" y=\"583\" width=\"120\" height=\"80\"/>\n      </bpmndi:BPMNShape>\n      <bpmndi:BPMNEdge id=\"SequenceFlow_0nwr3zm_di\" bpmnElement=\"SequenceFlow_0nwr3zm\">\n        <di:waypoint x=\"364\" y=\"345\"/>\n        <di:waypoint x=\"364\" y=\"419\"/>\n        <bpmndi:BPMNLabel>\n          <dc:Bounds x=\"318\" y=\"373\" width=\"33\" height=\"14\"/>\n        </bpmndi:BPMNLabel>\n      </bpmndi:BPMNEdge>\n      <bpmndi:BPMNShape id=\"EndEvent_030hpjm_di\" bpmnElement=\"EndEvent_030hpjm\">\n        <dc:Bounds x=\"1185\" y=\"362\" width=\"36\" height=\"36\"/>\n        <bpmndi:BPMNLabel>\n          <dc:Bounds x=\"712\" y=\"390\" width=\"90\" height=\"13\"/>\n        </bpmndi:BPMNLabel>\n      </bpmndi:BPMNShape>\n      <bpmndi:BPMNEdge id=\"SequenceFlow_0qfmlxu_di\" bpmnElement=\"SequenceFlow_0qfmlxu\">\n        <di:waypoint x=\"189\" y=\"306\"/>\n        <di:waypoint x=\"324\" y=\"306\"/>\n        <bpmndi:BPMNLabel>\n          <dc:Bounds x=\"211.5\" y=\"284.5\" width=\"90\" height=\"13\"/>\n        </bpmndi:BPMNLabel>\n      </bpmndi:BPMNEdge>\n      <bpmndi:BPMNShape id=\"ScriptTask_0xk5wwm_di\" bpmnElement=\"Task_13z7k69\">\n        <dc:Bounds x=\"562\" y=\"265\" width=\"120\" height=\"80\"/>\n      </bpmndi:BPMNShape>\n      <bpmndi:BPMNEdge id=\"SequenceFlow_18j5d7x_di\" bpmnElement=\"SequenceFlow_18j5d7x\">\n        <di:waypoint x=\"1126\" y=\"623\"/>\n        <di:waypoint x=\"1203\" y=\"623\"/>\n        <di:waypoint x=\"1203\" y=\"398\"/>\n        <bpmndi:BPMNLabel>\n          <dc:Bounds x=\"679\" y=\"420\" width=\"90\" height=\"12\"/>\n        </bpmndi:BPMNLabel>\n      </bpmndi:BPMNEdge>\n      <bpmndi:BPMNShape id=\"UserTask_1hq0knl_di\" bpmnElement=\"Task_1n2xue3\">\n        <dc:Bounds x=\"324\" y=\"265\" width=\"120\" height=\"80\"/>\n      </bpmndi:BPMNShape>\n      <bpmndi:BPMNEdge id=\"SequenceFlow_02nadx5_di\" bpmnElement=\"SequenceFlow_02nadx5\">\n        <di:waypoint x=\"682\" y=\"305\"/>\n        <di:waypoint x=\"1203\" y=\"305\"/>\n        <di:waypoint x=\"1203\" y=\"362\"/>\n        <bpmndi:BPMNLabel>\n          <dc:Bounds x=\"719.5\" y=\"283.5\" width=\"0\" height=\"13\"/>\n        </bpmndi:BPMNLabel>\n      </bpmndi:BPMNEdge>\n      <bpmndi:BPMNShape id=\"UserTask_0jd0pvx_di\" bpmnElement=\"Task_14cf740\">\n        <dc:Bounds x=\"304\" y=\"583\" width=\"120\" height=\"80\"/>\n      </bpmndi:BPMNShape>\n      <bpmndi:BPMNShape id=\"ScriptTask_0ujx41q_di\" bpmnElement=\"Task_1kwsx0w\">\n        <dc:Bounds x=\"304\" y=\"419\" width=\"120\" height=\"80\"/>\n      </bpmndi:BPMNShape>\n      <bpmndi:BPMNEdge id=\"SequenceFlow_1qrwvnk_di\" bpmnElement=\"SequenceFlow_1qrwvnk\">\n        <di:waypoint x=\"364\" y=\"499\"/>\n        <di:waypoint x=\"364\" y=\"583\"/>\n      </bpmndi:BPMNEdge>\n      <bpmndi:BPMNEdge id=\"SequenceFlow_0tftpvq_di\" bpmnElement=\"SequenceFlow_0tftpvq\">\n        <di:waypoint x=\"424\" y=\"623\"/>\n        <di:waypoint x=\"1006\" y=\"623\"/>\n        <bpmndi:BPMNLabel>\n          <dc:Bounds x=\"708\" y=\"605\" width=\"14\" height=\"14\"/>\n        </bpmndi:BPMNLabel>\n      </bpmndi:BPMNEdge>\n      <bpmndi:BPMNEdge id=\"SequenceFlow_1d48wkv_di\" bpmnElement=\"SequenceFlow_1d48wkv\">\n        <di:waypoint x=\"424\" y=\"623\"/>\n        <di:waypoint x=\"493\" y=\"623\"/>\n        <di:waypoint x=\"481\" y=\"680\"/>\n        <bpmndi:BPMNLabel>\n          <dc:Bounds x=\"343\" y=\"813\" width=\"20\" height=\"14\"/>\n        </bpmndi:BPMNLabel>\n      </bpmndi:BPMNEdge>\n      <bpmndi:BPMNEdge id=\"SequenceFlow_0spiu29_di\" bpmnElement=\"SequenceFlow_0spiu29\">\n        <di:waypoint x=\"471\" y=\"760\"/>\n        <di:waypoint x=\"471\" y=\"804\"/>\n        <di:waypoint x=\"154\" y=\"804\"/>\n      </bpmndi:BPMNEdge>\n      <bpmndi:BPMNShape id=\"ScriptTask_06ynsmg_di\" bpmnElement=\"Task_03384wv\">\n        <dc:Bounds x=\"422\" y=\"680\" width=\"120\" height=\"80\"/>\n      </bpmndi:BPMNShape>\n      <bpmndi:BPMNShape id=\"ScriptTask_0hgx3jn_di\" bpmnElement=\"Task_0hq6x4l\">\n        <dc:Bounds x=\"-112\" y=\"265\" width=\"120\" height=\"80\"/>\n      </bpmndi:BPMNShape>\n      <bpmndi:BPMNEdge id=\"SequenceFlow_0qyovkn_di\" bpmnElement=\"SequenceFlow_0qyovkn\">\n        <di:waypoint x=\"8\" y=\"306\"/>\n        <di:waypoint x=\"69\" y=\"306\"/>\n      </bpmndi:BPMNEdge>\n      <bpmndi:BPMNShape id=\"ExclusiveGateway_1t38au4_di\" bpmnElement=\"ExclusiveGateway_1t38au4\" isMarkerVisible=\"true\">\n        <dc:Bounds x=\"104\" y=\"779\" width=\"50\" height=\"50\"/>\n      </bpmndi:BPMNShape>\n      <bpmndi:BPMNEdge id=\"SequenceFlow_1ljmipp_di\" bpmnElement=\"SequenceFlow_1ljmipp\">\n        <di:waypoint x=\"129\" y=\"779\"/>\n        <di:waypoint x=\"129\" y=\"347\"/>\n        <bpmndi:BPMNLabel>\n          <dc:Bounds x=\"63\" y=\"646\" width=\"36\" height=\"14\"/>\n        </bpmndi:BPMNLabel>\n      </bpmndi:BPMNEdge>\n      <bpmndi:BPMNEdge id=\"SequenceFlow_068qxab_di\" bpmnElement=\"SequenceFlow_068qxab\">\n        <di:waypoint x=\"144\" y=\"814\"/>\n        <di:waypoint x=\"236\" y=\"880\"/>\n        <di:waypoint x=\"955\" y=\"880\"/>\n        <di:waypoint x=\"1049\" y=\"663\"/>\n      </bpmndi:BPMNEdge>\n    </bpmndi:BPMNPlane>\n  </bpmndi:BPMNDiagram>\n</bpmn2:definitions>"
}