{
  "id": "24685117-1435-4ea5-bdbf-58158b94c2cb",
  "bpnModelId": "d808e99e-f9ad-41f0-9ad1-5b704f872b31",
  "createdBy": "Tobi API Rest Call",
  "modifiedBy": "Tobi API Rest Call",
  "created": {
    "seconds": 1572255679,
    "nanos": 496000000
  },
  "modified": {
    "seconds": 1573128499,
    "nanos": 794000000
  },
  "modelRevisionStatus": "DEPLOYED",
  "creatorType": "HUMAN",
  "bpnModelRevisionNumber": "2.0",
  "allowedActions": 5,
  "mergeable": false,
  "revisionXml": "<?xml version=\"1.0\" encoding=\"UTF-8\"?>\r\n<bpmn2:definitions xmlns:xsi=\"http://www.w3.org/2001/XMLSchema-instance\" xmlns:bpmn2=\"http://www.omg.org/spec/BPMN/20100524/MODEL\" xmlns:bpmndi=\"http://www.omg.org/spec/BPMN/20100524/DI\" xmlns:dc=\"http://www.omg.org/spec/DD/20100524/DC\" xmlns:di=\"http://www.omg.org/spec/DD/20100524/DI\" xmlns:prop=\"http://www.ipsoft.com/schema/bpmn/prop\" id=\"sample-diagram\" targetNamespace=\"http://bpmn.io/schema/bpmn\" xsi:schemaLocation=\"http://www.omg.org/spec/BPMN/20100524/MODEL BPMN20.xsd\">\n  <bpmn2:process id=\"Process_1\" name=\"metadata_image\" isExecutable=\"false\">\n    <bpmn2:startEvent id=\"StartEvent_1\">\n      <bpmn2:outgoing>SequenceFlow_0o4ab7h</bpmn2:outgoing>\n    </bpmn2:startEvent>\n    <bpmn2:userTask id=\"Task_1n8k9fn\" name=\"say Please provide an image\">\n      <bpmn2:incoming>SequenceFlow_0o4ab7h</bpmn2:incoming>\n      <bpmn2:outgoing>SequenceFlow_0qfmlxu</bpmn2:outgoing>\n    </bpmn2:userTask>\n    <bpmn2:sequenceFlow id=\"SequenceFlow_0o4ab7h\" sourceRef=\"StartEvent_1\" targetRef=\"Task_1n8k9fn\"/>\n    <bpmn2:userTask id=\"Task_1n2xue3\" name=\"request an image identified by test_var and store into images\">\n      <bpmn2:extensionElements>\n        <prop:property name=\"request_task_cancellable_property\" value=\"yes\"/>\n      </bpmn2:extensionElements>\n      <bpmn2:incoming>SequenceFlow_0qfmlxu</bpmn2:incoming>\n      <bpmn2:outgoing>SequenceFlow_1vr3x30</bpmn2:outgoing>\n      <bpmn2:outgoing>SequenceFlow_0nwr3zm</bpmn2:outgoing>\n    </bpmn2:userTask>\n    <bpmn2:sequenceFlow id=\"SequenceFlow_1vr3x30\" name=\"success \" sourceRef=\"Task_1n2xue3\" targetRef=\"Task_13z7k69\">\n      <bpmn2:extensionElements>\n        <prop:property name=\"expression\" value=\"upload:succeeded()\"/>\n      </bpmn2:extensionElements>\n    </bpmn2:sequenceFlow>\n    <bpmn2:userTask id=\"Task_0c69sii\" name=\"say cancelled &#xA;\">\n      <bpmn2:incoming>SequenceFlow_0nwr3zm</bpmn2:incoming>\n      <bpmn2:outgoing>SequenceFlow_18j5d7x</bpmn2:outgoing>\n    </bpmn2:userTask>\n    <bpmn2:sequenceFlow id=\"SequenceFlow_0nwr3zm\" name=\"cancel\" sourceRef=\"Task_1n2xue3\" targetRef=\"Task_0c69sii\">\n      <bpmn2:extensionElements>\n        <prop:property name=\"expression\" value=\"upload:canceled()\"/>\n      </bpmn2:extensionElements>\n    </bpmn2:sequenceFlow>\n    <bpmn2:endEvent id=\"EndEvent_030hpjm\">\n      <bpmn2:incoming>SequenceFlow_1jxu4o4</bpmn2:incoming>\n      <bpmn2:incoming>SequenceFlow_18j5d7x</bpmn2:incoming>\n    </bpmn2:endEvent>\n    <bpmn2:sequenceFlow id=\"SequenceFlow_0qfmlxu\" sourceRef=\"Task_1n8k9fn\" targetRef=\"Task_1n2xue3\"/>\n    <bpmn2:scriptTask id=\"Task_13z7k69\" name=\"parse test_var with cmService\" scriptFormat=\"groovy\">\n      <bpmn2:extensionElements>\n        <prop:property name=\"included_scripts\" value=\"\"/>\n      </bpmn2:extensionElements>\n      <bpmn2:incoming>SequenceFlow_1vr3x30</bpmn2:incoming>\n      <bpmn2:outgoing>SequenceFlow_1jxu4o4</bpmn2:outgoing>\n      <bpmn2:script>resources = execution.getVariable('test_var')\ncmObjectMetadataId = resources[0].objectId\n\ndef attach_base64 = cmService.getResourceBase64(cmObjectMetadataId)\nlog.info(\"\\n\\n attach_base64.toString(): ${attach_base64.toString()} \\n\\n\")\nexecution.setVariable('attach_base64', attach_base64.toString())\n\n// Name of uploaded file e.g. image.png\ncmObjectName = resources[0].objectName\nexecution.setVariable('attachment_Name', cmObjectName)\n\ntransientVariableService.addVariable(\"attach_base64\",attach_base64.toString());\n\ntransientVariableService.addVariable(\"attachment_Name\",cmObjectName);</bpmn2:script>\n    </bpmn2:scriptTask>\n    <bpmn2:sequenceFlow id=\"SequenceFlow_1jxu4o4\" sourceRef=\"Task_13z7k69\" targetRef=\"EndEvent_030hpjm\"/>\n    <bpmn2:sequenceFlow id=\"SequenceFlow_18j5d7x\" sourceRef=\"Task_0c69sii\" targetRef=\"EndEvent_030hpjm\"/>\n  </bpmn2:process>\n  <bpmndi:BPMNDiagram id=\"BPMNDiagram_1\">\n    <bpmndi:BPMNPlane id=\"BPMNPlane_1\" bpmnElement=\"Process_1\">\n      <bpmndi:BPMNShape id=\"_BPMNShape_StartEvent_2\" bpmnElement=\"StartEvent_1\">\n        <dc:Bounds x=\"-48\" y=\"289\" width=\"36\" height=\"36\"/>\n        <bpmndi:BPMNLabel>\n          <dc:Bounds x=\"-75\" y=\"325\" width=\"90\" height=\"20\"/>\n        </bpmndi:BPMNLabel>\n      </bpmndi:BPMNShape>\n      <bpmndi:BPMNShape id=\"UserTask_12iapd2_di\" bpmnElement=\"Task_1n8k9fn\">\n        <dc:Bounds x=\"69\" y=\"267\" width=\"120\" height=\"80\"/>\n      </bpmndi:BPMNShape>\n      <bpmndi:BPMNEdge id=\"SequenceFlow_0o4ab7h_di\" bpmnElement=\"SequenceFlow_0o4ab7h\">\n        <di:waypoint x=\"-12\" y=\"307\"/>\n        <di:waypoint x=\"69\" y=\"307\"/>\n        <bpmndi:BPMNLabel>\n          <dc:Bounds x=\"-16.5\" y=\"286\" width=\"90\" height=\"12\"/>\n        </bpmndi:BPMNLabel>\n      </bpmndi:BPMNEdge>\n      <bpmndi:BPMNShape id=\"UserTask_1g8sucb_di\" bpmnElement=\"Task_1n2xue3\">\n        <dc:Bounds x=\"304\" y=\"265\" width=\"120\" height=\"80\"/>\n      </bpmndi:BPMNShape>\n      <bpmndi:BPMNEdge id=\"SequenceFlow_1vr3x30_di\" bpmnElement=\"SequenceFlow_1vr3x30\">\n        <di:waypoint x=\"424\" y=\"305\"/>\n        <di:waypoint x=\"562\" y=\"305\"/>\n        <bpmndi:BPMNLabel>\n          <dc:Bounds x=\"474.44755244755254\" y=\"284.00000000000006\" width=\"40\" height=\"12\"/>\n        </bpmndi:BPMNLabel>\n      </bpmndi:BPMNEdge>\n      <bpmndi:BPMNShape id=\"UserTask_0e371un_di\" bpmnElement=\"Task_0c69sii\">\n        <dc:Bounds x=\"572\" y=\"402\" width=\"120\" height=\"80\"/>\n      </bpmndi:BPMNShape>\n      <bpmndi:BPMNEdge id=\"SequenceFlow_0nwr3zm_di\" bpmnElement=\"SequenceFlow_0nwr3zm\">\n        <di:waypoint x=\"364\" y=\"345\"/>\n        <di:waypoint x=\"364\" y=\"442\"/>\n        <di:waypoint x=\"572\" y=\"442\"/>\n        <bpmndi:BPMNLabel>\n          <dc:Bounds x=\"373.615763546798\" y=\"416\" width=\"32\" height=\"12\"/>\n        </bpmndi:BPMNLabel>\n      </bpmndi:BPMNEdge>\n      <bpmndi:BPMNShape id=\"EndEvent_030hpjm_di\" bpmnElement=\"EndEvent_030hpjm\">\n        <dc:Bounds x=\"739\" y=\"351\" width=\"36\" height=\"36\"/>\n        <bpmndi:BPMNLabel>\n          <dc:Bounds x=\"712\" y=\"390\" width=\"90\" height=\"13\"/>\n        </bpmndi:BPMNLabel>\n      </bpmndi:BPMNShape>\n      <bpmndi:BPMNEdge id=\"SequenceFlow_0qfmlxu_di\" bpmnElement=\"SequenceFlow_0qfmlxu\">\n        <di:waypoint x=\"189\" y=\"306\"/>\n        <di:waypoint x=\"304\" y=\"306\"/>\n        <bpmndi:BPMNLabel>\n          <dc:Bounds x=\"201.5\" y=\"284.5\" width=\"90\" height=\"13\"/>\n        </bpmndi:BPMNLabel>\n      </bpmndi:BPMNEdge>\n      <bpmndi:BPMNShape id=\"ScriptTask_0xk5wwm_di\" bpmnElement=\"Task_13z7k69\">\n        <dc:Bounds x=\"562\" y=\"265\" width=\"120\" height=\"80\"/>\n      </bpmndi:BPMNShape>\n      <bpmndi:BPMNEdge id=\"SequenceFlow_1jxu4o4_di\" bpmnElement=\"SequenceFlow_1jxu4o4\">\n        <di:waypoint x=\"682\" y=\"305\"/>\n        <di:waypoint x=\"711\" y=\"305\"/>\n        <di:waypoint x=\"711\" y=\"369\"/>\n        <di:waypoint x=\"739\" y=\"369\"/>\n        <bpmndi:BPMNLabel>\n          <dc:Bounds x=\"726\" y=\"331\" width=\"0\" height=\"12\"/>\n        </bpmndi:BPMNLabel>\n      </bpmndi:BPMNEdge>\n      <bpmndi:BPMNEdge id=\"SequenceFlow_18j5d7x_di\" bpmnElement=\"SequenceFlow_18j5d7x\">\n        <di:waypoint x=\"692\" y=\"442\"/>\n        <di:waypoint x=\"716\" y=\"442\"/>\n        <di:waypoint x=\"716\" y=\"369\"/>\n        <di:waypoint x=\"739\" y=\"369\"/>\n        <bpmndi:BPMNLabel>\n          <dc:Bounds x=\"731\" y=\"399.5\" width=\"0\" height=\"12\"/>\n        </bpmndi:BPMNLabel>\n      </bpmndi:BPMNEdge>\n    </bpmndi:BPMNPlane>\n  </bpmndi:BPMNDiagram>\n</bpmn2:definitions>"
}