{
  "id": "b7206cca-11d0-49a8-8e19-cec6501fd91e",
  "bpnModelId": "fccebe2b-625a-4012-82f5-68b8a1c9dc36",
  "createdBy": "Belal Ehab",
  "modifiedBy": "Tobi API Rest Call",
  "created": {
    "seconds": 1543312985,
    "nanos": 895000000
  },
  "modified": {
    "seconds": 1573128413,
    "nanos": 188000000
  },
  "modelRevisionStatus": "DEPLOYED",
  "creatorType": "HUMAN",
  "bpnModelRevisionNumber": "7.0",
  "allowedActions": 5,
  "mergeable": false,
  "revisionXml": "<?xml version=\"1.0\" encoding=\"UTF-8\"?>\r\n<bpmn2:definitions xmlns:xsi=\"http://www.w3.org/2001/XMLSchema-instance\" xmlns:bpmn2=\"http://www.omg.org/spec/BPMN/20100524/MODEL\" xmlns:bpmndi=\"http://www.omg.org/spec/BPMN/20100524/DI\" xmlns:dc=\"http://www.omg.org/spec/DD/20100524/DC\" xmlns:di=\"http://www.omg.org/spec/DD/20100524/DI\" xmlns:prop=\"http://www.ipsoft.com/schema/bpmn/prop\" id=\"sample-diagram\" targetNamespace=\"http://bpmn.io/schema/bpmn\" xsi:schemaLocation=\"http://www.omg.org/spec/BPMN/20100524/MODEL BPMN20.xsd\">\n  <bpmn2:process id=\"Process_1\" name=\"userdata\" isExecutable=\"false\">\n    <bpmn2:startEvent id=\"StartEvent_1\">\n      <bpmn2:outgoing>SequenceFlow_0exsjw7</bpmn2:outgoing>\n    </bpmn2:startEvent>\n    <bpmn2:sequenceFlow id=\"SequenceFlow_0exsjw7\" sourceRef=\"StartEvent_1\" targetRef=\"Task_0shbzgo\"/>\n    <bpmn2:sequenceFlow id=\"SequenceFlow_01mz7lz\" sourceRef=\"Task_0bftpw3\" targetRef=\"EndEvent_0liw28s\"/>\n    <bpmn2:scriptTask id=\"Task_0bftpw3\" name=\"user data\" scriptFormat=\"javascript\">\n      <bpmn2:extensionElements>\n        <prop:property name=\"included_scripts\" value=\"\"/>\n      </bpmn2:extensionElements>\n      <bpmn2:incoming>SequenceFlow_0eb1ndv</bpmn2:incoming>\n      <bpmn2:outgoing>SequenceFlow_01mz7lz</bpmn2:outgoing>\n      <bpmn2:script>//fisrt we check which instance are we on (playground,stage,dev,pre-prod,prod) because only prod and pre-prod have SSO login , so 2 diffrenet scripts are run according to the instance we are on.\n\nvar env = execution.getVariable(\"env\");\nlog.info(env);\n\nif( env==\"playground\" || env==\"dev\" || env==\"stage\"){\n\n\n// static opco id is used because the integration does not work on playground, dev, and stage. So the following method which retrieves OpcoId from ADFS will not work.\n  // var opcoId = execution.getVariable(\"out_user_opco_id\");\n\nvar opcoId = '4';\n\n// These are the variables in the tabular data file \"userData\", and their default case is 'undefined' until overriden later in the script.\n\nvar market = \"Undefined\";\nvar escQueue = \"Undefined\";\nvar dlMail = \"Undefined\";\nvar hrUrl = \"Undefined\";\n\n // checking if we got a valid opco id \n \n   opcoCheck = tabularDataService.query('userData','opcoId').is('opcoId', opcoId).first()['opcoId']\nexecution.setVariable(\"opcoCheck\",opcoCheck);\n    log.info(\"opcoCheck: \" + opcoCheck)\n    \n    if (opcoCheck !== null){\n        \n        \n     // querying the variables from the tabular data file \"userData\"\n\n  \n    market = tabularDataService.query('userData','market').is('opcoId', opcoId).first()['market']\n   // log.info(\"tabular data market:\" + market)\n    \n     escQueue = tabularDataService.query('userData','escQueue').is('opcoId', opcoId).first()['escQueue']\n    \n    \n     dlMail = tabularDataService.query('userData','dlMail').is('opcoId', opcoId).first()['dlMail']\n\n\n     hrUrl = tabularDataService.query('userData','hrUrl').is('opcoId', opcoId).first()['hrUrl']\n  \n   }\n \n    \n\n\nexecution.setVariable(\"user1_market\", market);\nexecution.setVariable(\"user1_escQueue\", escQueue);\nexecution.setVariable(\"user1_dlMail\", dlMail);\nexecution.setVariable(\"user1_hrUrl\", hrUrl);\n\n\nexecution.setVariable(\"defaultEscalationQueue\",escQueue);\n    \nvar tr = transientVariableService.addVariable(\"tr\",dlMail);\n//transientVariableService.addVariable(\"in_email_address\",tr);\n\n\nvar opcoIdTr = transientVariableService.addVariable(\"opcoIdTr\",opcoId);\n//var opcoIdtr = transientVariableService.addVariable(\"opcoId\",dlMail);\n}\n\nelse{\n    \n var opcoId = execution.getVariable(\"opcoId\");\n\n// These are the variables in the tabular data file \"userData\", and their default case is 'undefined' until overriden later in the script.\nvar market = \"Undefined\";\nvar escQueue = \"Undefined\";\nvar dlMail = \"Undefined\";\nvar hrUrl = \"Undefined\";\n\n  // checking if we got a valid opco id \n  \n   opcoCheck = tabularDataService.query('userData','opcoId').is('opcoId', opcoId).first()['opcoId']\nexecution.setVariable(\"opcoCheck\",opcoCheck);\n    log.info(\"opcoCheck: \" + opcoCheck)\n    \n    if (opcoCheck !== null){\n  \n   // querying the variables from the tabular data file \"userData\"\n   \n   \n    market = tabularDataService.query('userData','market').is('opcoId', opcoId).first()['market']\n   // log.info(\"tabular data market:\" + market)\n    \n     escQueue = tabularDataService.query('userData','escQueue').is('opcoId', opcoId).first()['escQueue']\n    \n    \n     dlMail = tabularDataService.query('userData','dlMail').is('opcoId', opcoId).first()['dlMail']\n\n\n     hrUrl = tabularDataService.query('userData','hrUrl').is('opcoId', opcoId).first()['hrUrl']\n  \n   }\n \n    \n\n\nexecution.setVariable(\"user1_market\", market);\nexecution.setVariable(\"user1_escQueue\", escQueue);\nexecution.setVariable(\"user1_dlMail\", dlMail);\nexecution.setVariable(\"user1_hrUrl\", hrUrl);\n\n\nexecution.setVariable(\"defaultEscalationQueue\",escQueue);\n    \nvar tr = transientVariableService.addVariable(\"tr\",dlMail);\n//transientVariableService.addVariable(\"in_email_address\",tr);\n\n\nvar opcoIdTr = transientVariableService.addVariable(\"opcoIdTr\",opcoId);\n//var opcoIdtr = transientVariableService.addVariable(\"opcoId\",user1.dlMail);\n  \n  \nvar tr = transientVariableService.addVariable(\"tr\",dlMail);\n//transientVariableService.addVariable(\"in_email_address\",tr);\n\nvar adfsMarket = execution.getVariable(\"out_user_company\")\n\n//var markettr = transientVariableService.addVariable(\"markettr\",market);\nvar markettr = transientVariableService.addVariable(\"markettr\",adfsMarket);\n\nvar defaultEscalationQueuetr = transientVariableService.addVariable(\"defaultEscalationQueuetr\",escQueue);\n\n//defaultEscalationQueue\nvar opcoIdTr = transientVariableService.addVariable(\"opcoIdTr\",opcoId);\n\n}</bpmn2:script>\n    </bpmn2:scriptTask>\n    <bpmn2:endEvent id=\"EndEvent_0liw28s\">\n      <bpmn2:incoming>SequenceFlow_01mz7lz</bpmn2:incoming>\n    </bpmn2:endEvent>\n    <bpmn2:sequenceFlow id=\"SequenceFlow_0eb1ndv\" sourceRef=\"Task_0shbzgo\" targetRef=\"Task_0bftpw3\"/>\n    <bpmn2:scriptTask id=\"Task_0shbzgo\" name=\"Get Enviroment\" scriptFormat=\"groovy\">\n      <bpmn2:extensionElements>\n        <prop:property name=\"included_scripts\" value=\"\"/>\n      </bpmn2:extensionElements>\n      <bpmn2:incoming>SequenceFlow_0exsjw7</bpmn2:incoming>\n      <bpmn2:outgoing>SequenceFlow_0eb1ndv</bpmn2:outgoing>\n      <bpmn2:script>/**\n * This code calls the method identify domain name from the script library, this is to tell which instance is currently used.\n */\n\n\ndef url = InetAddress.getLocalHost().getHostName();\n\n//execution.setVariable(\"url\", url.toString());\n\nif (url.contains(\"playground\") || url.contains(\"dev\"))\n{\n    execution.setVariable(\"env\", \"dev\")\n}\nelse\n{\n    execution.setVariable(\"env\", \"prod\");\n}\n\n/*\n* OLD WAY - DO NOT USE\n\ndef domainID = execution.domainId()\ndef env = indentifyDomainName(domainID)\nexecution.setVariable(\"env\", env)\n\n*/</bpmn2:script>\n    </bpmn2:scriptTask>\n  </bpmn2:process>\n  <bpmndi:BPMNDiagram id=\"BPMNDiagram_1\">\n    <bpmndi:BPMNPlane id=\"BPMNPlane_1\" bpmnElement=\"Process_1\">\n      <bpmndi:BPMNShape id=\"_BPMNShape_StartEvent_2\" bpmnElement=\"StartEvent_1\">\n        <dc:Bounds x=\"279\" y=\"223\" width=\"36\" height=\"36\"/>\n        <bpmndi:BPMNLabel>\n          <dc:Bounds x=\"252\" y=\"259\" width=\"90\" height=\"20\"/>\n        </bpmndi:BPMNLabel>\n      </bpmndi:BPMNShape>\n      <bpmndi:BPMNEdge id=\"SequenceFlow_0exsjw7_di\" bpmnElement=\"SequenceFlow_0exsjw7\">\n        <di:waypoint x=\"315\" y=\"241\"/>\n        <di:waypoint x=\"371\" y=\"241\"/>\n        <bpmndi:BPMNLabel>\n          <dc:Bounds x=\"306.5\" y=\"220\" width=\"90\" height=\"12\"/>\n        </bpmndi:BPMNLabel>\n      </bpmndi:BPMNEdge>\n      <bpmndi:BPMNEdge id=\"SequenceFlow_01mz7lz_di\" bpmnElement=\"SequenceFlow_01mz7lz\">\n        <di:waypoint x=\"749\" y=\"241\"/>\n        <di:waypoint x=\"797\" y=\"241\"/>\n        <bpmndi:BPMNLabel>\n          <dc:Bounds x=\"488.5\" y=\"220\" width=\"90\" height=\"12\"/>\n        </bpmndi:BPMNLabel>\n      </bpmndi:BPMNEdge>\n      <bpmndi:BPMNShape id=\"ScriptTask_10iyzbv_di\" bpmnElement=\"Task_0bftpw3\">\n        <dc:Bounds x=\"629\" y=\"201\" width=\"120\" height=\"80\"/>\n      </bpmndi:BPMNShape>\n      <bpmndi:BPMNShape id=\"EndEvent_0liw28s_di\" bpmnElement=\"EndEvent_0liw28s\">\n        <dc:Bounds x=\"797\" y=\"223\" width=\"36\" height=\"36\"/>\n        <bpmndi:BPMNLabel>\n          <dc:Bounds x=\"532\" y=\"263\" width=\"90\" height=\"12\"/>\n        </bpmndi:BPMNLabel>\n      </bpmndi:BPMNShape>\n      <bpmndi:BPMNEdge id=\"SequenceFlow_0eb1ndv_di\" bpmnElement=\"SequenceFlow_0eb1ndv\">\n        <di:waypoint x=\"491\" y=\"241\"/>\n        <di:waypoint x=\"629\" y=\"241\"/>\n      </bpmndi:BPMNEdge>\n      <bpmndi:BPMNShape id=\"ScriptTask_0rspp45_di\" bpmnElement=\"Task_0shbzgo\">\n        <dc:Bounds x=\"371\" y=\"201\" width=\"120\" height=\"80\"/>\n      </bpmndi:BPMNShape>\n    </bpmndi:BPMNPlane>\n  </bpmndi:BPMNDiagram>\n</bpmn2:definitions>"
}